debugzNLi4:debugbRj7V,0,1467620809825,"{""phase"": ""mysqlsaver""}"
debugzNLi4:debugbRj7V,1,1467620809967,"{""phase"": ""debug-flag"", ""isrespdebugrun"": 1, ""isdebugrun"": 1, ""istimedebugrun"": 1}"
debugzNLi4:debugbRj7V,2,1467620809967,"{""phase"": ""setup-experiment"", ""tblocks"": [-1, 2, 2, 2, 2, 2], ""mycounterbalance"": 1, ""tarkey"": ""f"", ""mycondition"": 1}"
debugzNLi4:debugbRj7V,3,1467620809967,"{""phase"": ""setup-cpt"", ""cptTTprac"": [4, 1, 1, 1], ""cptTT"": [4, 1, 1, 1]}"
debugzNLi4:debugbRj7V,4,1467620809967,"{""phase"": ""setup-nbs"", ""nbsTARprac"": 2, ""nbsNONTARprac"": 2, ""nbsNONTAR"": 2, ""nbsTAR"": 2}"
debugzNLi4:debugbRj7V,5,1467620809967,"{""nbrTARprac"": 2, ""resetdelaypretrial"": 25, ""nbrTAR"": 2, ""nbrTARtoNONTARratio"": 2, ""resetdelaytext"": 25, ""nbrNONTAR"": 2, ""phase"": ""setup-nbr"", ""nbrNONTARprac"": 2}"
debugzNLi4:debugbRj7V,6,1467620809976,"{""phase"": ""INSTRUCTIONS"", ""templates"": [""instructions/base-inst-f.html""], ""action"": ""Begin""}"
debugzNLi4:debugbRj7V,7,1467620813799,"{""phase"": ""INSTRUCTIONS"", ""indexOf"": 0, ""viewTime"": 3819, ""action"": ""FinishInstructions"", ""template"": ""instructions/base-inst-f.html""}"
debugzNLi4:debugbRj7V,8,1467620813809,"{""phase"": ""INSTRUCTIONS"", ""templates"": [""instructions/cpt-inst-f.html"", ""instructions/inst-prac.html""], ""action"": ""Begin""}"
debugzNLi4:debugbRj7V,9,1467620814853,"{""phase"": ""INSTRUCTIONS"", ""indexOf"": 0, ""viewTime"": 1040, ""action"": ""NextPage"", ""template"": ""instructions/cpt-inst-f.html""}"
debugzNLi4:debugbRj7V,10,1467620816365,"{""phase"": ""INSTRUCTIONS"", ""indexOf"": 1, ""viewTime"": 1510, ""action"": ""FinishInstructions"", ""template"": ""instructions/inst-prac.html""}"
debugzNLi4:debugbRj7V,11,1467620816405,"{""task"": ""CPT"", ""letterID2"": [1, 1, 1, 1, 1, 13, 18], ""letterID1"": [0, 23, 0, 0, 0, 21, 0], ""stimID"": [1, 3, 1, 1, 1, 4, 2], ""phase"": ""blocksetup"", ""curtaskindex"": 1, ""block"": -1}"
debugzNLi4:debugbRj7V,12,1467620816436,"[""CPT"", ""prac"", 5, 1, 1, -1, 1, 1, ""A"", 0, 1, ""nontarget"", 0, 16, 1, 711]"
debugzNLi4:debugbRj7V,13,1467620816467,"[""CPT"", ""prac"", 5, 1, 1, -1, 1, 2, ""X"", 1, 1, ""target"", 1, 15, 1, 287]"
debugzNLi4:debugbRj7V,14,1467620816498,"[""CPT"", ""prac"", 5, 1, 1, -1, 2, 1, ""Z"", 23, 3, ""nontarget"", 0, 15, 1, 569]"
debugzNLi4:debugbRj7V,15,1467620816528,"[""CPT"", ""prac"", 5, 1, 1, -1, 2, 2, ""X"", 1, 3, ""target"", 1, 15, 0, 462]"
debugzNLi4:debugbRj7V,16,1467620816559,"[""CPT"", ""prac"", 5, 1, 1, -1, 3, 1, ""A"", 0, 1, ""target"", 1, 16, 0, 444]"
debugzNLi4:debugbRj7V,17,1467620816589,"[""CPT"", ""prac"", 5, 1, 1, -1, 3, 2, ""X"", 1, 1, ""nontarget"", 0, 15, 0, 283]"
debugzNLi4:debugbRj7V,18,1467620816620,"[""CPT"", ""prac"", 5, 1, 1, -1, 4, 1, ""A"", 0, 1, ""target"", 1, 15, 0, 566]"
debugzNLi4:debugbRj7V,19,1467620816651,"[""CPT"", ""prac"", 5, 1, 1, -1, 4, 2, ""X"", 1, 1, ""nontarget"", 0, 15, 0, 490]"
debugzNLi4:debugbRj7V,20,1467620816681,"[""CPT"", ""prac"", 5, 1, 1, -1, 5, 1, ""A"", 0, 1, ""nontarget"", 0, 15, 1, 419]"
debugzNLi4:debugbRj7V,21,1467620816712,"[""CPT"", ""prac"", 5, 1, 1, -1, 5, 2, ""X"", 1, 1, ""nontarget"", 0, 16, 0, 734]"
debugzNLi4:debugbRj7V,22,1467620816742,"[""CPT"", ""prac"", 5, 1, 1, -1, 6, 1, ""V"", 21, 4, ""target"", 1, 15, 0, 579]"
debugzNLi4:debugbRj7V,23,1467620816773,"[""CPT"", ""prac"", 5, 1, 1, -1, 6, 2, ""N"", 13, 4, ""nontarget"", 0, 15, 1, 482]"
debugzNLi4:debugbRj7V,24,1467620816804,"[""CPT"", ""prac"", 5, 1, 1, -1, 7, 1, ""A"", 0, 2, ""nontarget"", 0, 15, 1, 391]"
debugzNLi4:debugbRj7V,25,1467620816834,"[""CPT"", ""prac"", 5, 1, 1, -1, 7, 2, ""S"", 18, 2, ""target"", 1, 15, 0, 739]"
debugzNLi4:debugbRj7V,26,1467620816835,"{""taskIndex"": 1, ""blockstarttime"": 1467620816405, ""isprac"": 1, ""blockIndex"": -1, ""blockendtime"": 1467620816835, ""TID"": 5, ""curtask"": ""CPT"", ""phase"": ""block-timing"", ""blocktime"": 430, ""curphase"": ""prac""}"
debugzNLi4:debugbRj7V,27,1467620816836,"{""phase"": ""INSTRUCTIONS"", ""templates"": [""instructions/inst-interlude.html""], ""action"": ""Begin""}"
debugzNLi4:debugbRj7V,28,1467620817332,"{""phase"": ""INSTRUCTIONS"", ""indexOf"": 0, ""viewTime"": 495, ""action"": ""FinishInstructions"", ""template"": ""instructions/inst-interlude.html""}"
debugzNLi4:debugbRj7V,29,1467620817360,"{""task"": ""CPT"", ""letterID2"": [14, 1, 1, 1, 1, 18, 1], ""letterID1"": [0, 13, 0, 0, 0, 9, 0], ""stimID"": [2, 3, 1, 1, 1, 4, 1], ""phase"": ""blocksetup"", ""curtaskindex"": 1, ""block"": 1}"
debugzNLi4:debugbRj7V,30,1467620817391,"[""CPT"", ""main"", 5, 0, 1, 1, 1, 1, ""A"", 0, 2, ""nontarget"", 0, 16, 1, 408]"
debugzNLi4:debugbRj7V,31,1467620817421,"[""CPT"", ""main"", 5, 0, 1, 1, 1, 2, ""O"", 14, 2, ""target"", 1, 15, 0, 487]"
debugzNLi4:debugbRj7V,32,1467620817452,"[""CPT"", ""main"", 5, 0, 1, 1, 2, 1, ""N"", 13, 3, ""target"", 1, 15, 0, 337]"
debugzNLi4:debugbRj7V,33,1467620817483,"[""CPT"", ""main"", 5, 0, 1, 1, 2, 2, ""X"", 1, 3, ""target"", 1, 16, 0, 457]"
debugzNLi4:debugbRj7V,34,1467620817513,"[""CPT"", ""main"", 5, 0, 1, 1, 3, 1, ""A"", 0, 1, ""nontarget"", 0, 15, 1, 571]"
debugzNLi4:debugbRj7V,35,1467620817544,"[""CPT"", ""main"", 5, 0, 1, 1, 3, 2, ""X"", 1, 1, ""target"", 1, 15, 1, 551]"
debugzNLi4:debugbRj7V,36,1467620817574,"[""CPT"", ""main"", 5, 0, 1, 1, 4, 1, ""A"", 0, 1, ""target"", 1, 15, 0, 384]"
debugzNLi4:debugbRj7V,37,1467620817605,"[""CPT"", ""main"", 5, 0, 1, 1, 4, 2, ""X"", 1, 1, ""target"", 1, 15, 1, 580]"
debugzNLi4:debugbRj7V,38,1467620817636,"[""CPT"", ""main"", 5, 0, 1, 1, 5, 1, ""A"", 0, 1, ""nontarget"", 0, 15, 1, 701]"
debugzNLi4:debugbRj7V,39,1467620817666,"[""CPT"", ""main"", 5, 0, 1, 1, 5, 2, ""X"", 1, 1, ""target"", 1, 15, 1, 396]"
debugzNLi4:debugbRj7V,40,1467620817697,"[""CPT"", ""main"", 5, 0, 1, 1, 6, 1, ""I"", 9, 4, ""target"", 1, 15, 0, 287]"
debugzNLi4:debugbRj7V,41,1467620817728,"[""CPT"", ""main"", 5, 0, 1, 1, 6, 2, ""S"", 18, 4, ""nontarget"", 0, 15, 1, 675]"
debugzNLi4:debugbRj7V,42,1467620817758,"[""CPT"", ""main"", 5, 0, 1, 1, 7, 1, ""A"", 0, 1, ""target"", 1, 15, 0, 485]"
debugzNLi4:debugbRj7V,43,1467620817789,"[""CPT"", ""main"", 5, 0, 1, 1, 7, 2, ""X"", 1, 1, ""target"", 1, 16, 1, 675]"
debugzNLi4:debugbRj7V,44,1467620817790,"{""taskIndex"": 1, ""blockstarttime"": 1467620817360, ""isprac"": 0, ""blockIndex"": 1, ""blockendtime"": 1467620817790, ""TID"": 5, ""curtask"": ""CPT"", ""phase"": ""block-timing"", ""blocktime"": 430, ""curphase"": ""main""}"
debugzNLi4:debugbRj7V,45,1467620817790,"{""phase"": ""INSTRUCTIONS"", ""templates"": [""instructions/inst-interlude.html""], ""action"": ""Begin""}"
debugzNLi4:debugbRj7V,46,1467620818340,"{""phase"": ""INSTRUCTIONS"", ""indexOf"": 0, ""viewTime"": 549, ""action"": ""FinishInstructions"", ""template"": ""instructions/inst-interlude.html""}"
debugzNLi4:debugbRj7V,47,1467620818368,"{""task"": ""CPT"", ""letterID2"": [1, 21, 21, 1, 1, 1, 1], ""letterID1"": [0, 0, 21, 0, 0, 8, 0], ""stimID"": [1, 2, 4, 1, 1, 3, 1], ""phase"": ""blocksetup"", ""curtaskindex"": 1, ""block"": 2}"
debugzNLi4:debugbRj7V,48,1467620818402,"[""CPT"", ""main"", 5, 0, 1, 2, 1, 1, ""A"", 0, 1, ""target"", 1, 15, 0, 454]"
debugzNLi4:debugbRj7V,49,1467620818432,"[""CPT"", ""main"", 5, 0, 1, 2, 1, 2, ""X"", 1, 1, ""target"", 1, 15, 1, 556]"
debugzNLi4:debugbRj7V,50,1467620818463,"[""CPT"", ""main"", 5, 0, 1, 2, 2, 1, ""A"", 0, 2, ""nontarget"", 0, 15, 1, 321]"
debugzNLi4:debugbRj7V,51,1467620818494,"[""CPT"", ""main"", 5, 0, 1, 2, 2, 2, ""V"", 21, 2, ""target"", 1, 16, 0, 571]"
debugzNLi4:debugbRj7V,52,1467620818524,"[""CPT"", ""main"", 5, 0, 1, 2, 3, 1, ""V"", 21, 4, ""nontarget"", 0, 15, 1, 644]"
debugzNLi4:debugbRj7V,53,1467620818555,"[""CPT"", ""main"", 5, 0, 1, 2, 3, 2, ""V"", 21, 4, ""target"", 1, 16, 0, 344]"
debugzNLi4:debugbRj7V,54,1467620818585,"[""CPT"", ""main"", 5, 0, 1, 2, 4, 1, ""A"", 0, 1, ""target"", 1, 15, 0, 660]"
debugzNLi4:debugbRj7V,55,1467620818617,"[""CPT"", ""main"", 5, 0, 1, 2, 4, 2, ""X"", 1, 1, ""target"", 1, 15, 1, 317]"
debugzNLi4:debugbRj7V,56,1467620818648,"[""CPT"", ""main"", 5, 0, 1, 2, 5, 1, ""A"", 0, 1, ""nontarget"", 0, 16, 1, 575]"
debugzNLi4:debugbRj7V,57,1467620818678,"[""CPT"", ""main"", 5, 0, 1, 2, 5, 2, ""X"", 1, 1, ""nontarget"", 0, 15, 0, 523]"
debugzNLi4:debugbRj7V,58,1467620818709,"[""CPT"", ""main"", 5, 0, 1, 2, 6, 1, ""H"", 8, 3, ""nontarget"", 0, 15, 1, 286]"
debugzNLi4:debugbRj7V,59,1467620818740,"[""CPT"", ""main"", 5, 0, 1, 2, 6, 2, ""X"", 1, 3, ""target"", 1, 15, 0, 625]"
debugzNLi4:debugbRj7V,60,1467620818770,"[""CPT"", ""main"", 5, 0, 1, 2, 7, 1, ""A"", 0, 1, ""target"", 1, 15, 0, 555]"
debugzNLi4:debugbRj7V,61,1467620818801,"[""CPT"", ""main"", 5, 0, 1, 2, 7, 2, ""X"", 1, 1, ""nontarget"", 0, 15, 0, 334]"
debugzNLi4:debugbRj7V,62,1467620818802,"{""taskIndex"": 1, ""blockstarttime"": 1467620818371, ""isprac"": 0, ""blockIndex"": 2, ""blockendtime"": 1467620818802, ""TID"": 5, ""curtask"": ""CPT"", ""phase"": ""block-timing"", ""blocktime"": 431, ""curphase"": ""main""}"
debugzNLi4:debugbRj7V,63,1467620818803,"{""taskIndex"": 1, ""blockstarttime"": 1467620818371, ""isprac"": 0, ""blockIndex"": 3, ""blockendtime"": 1467620818803, ""TID"": 5, ""curtask"": ""CPT"", ""phase"": ""block-timing"", ""blocktime"": 432, ""curphase"": ""main""}"
debugzNLi4:debugbRj7V,64,1467620818803,"{""phase"": ""INSTRUCTIONS"", ""templates"": [""instructions/nbs-inst-2f.html"", ""instructions/inst-prac.html""], ""action"": ""Begin""}"
debugzNLi4:debugbRj7V,65,1467620819612,"{""phase"": ""INSTRUCTIONS"", ""indexOf"": 0, ""viewTime"": 808, ""action"": ""NextPage"", ""template"": ""instructions/nbs-inst-2f.html""}"
debugzNLi4:debugbRj7V,66,1467620820550,"{""phase"": ""INSTRUCTIONS"", ""indexOf"": 1, ""viewTime"": 937, ""action"": ""FinishInstructions"", ""template"": ""instructions/inst-prac.html""}"
debugzNLi4:debugbRj7V,67,1467620820586,"{""task"": ""NBS2"", ""letterID"": [1, 1, 1, 0, 1, 6], ""stimID"": [2, 2, 1, 2, 1, 2], ""phase"": ""blocksetup"", ""curtaskindex"": 2, ""block"": -1}"
debugzNLi4:debugbRj7V,68,1467620820638,"[""NBS2"", ""prac"", 1, 1, 2, -1, 1, ""D"", ""nontarget"", 1, 2, ""target"", 1, 25, 0, 503]"
debugzNLi4:debugbRj7V,69,1467620820689,"[""NBS2"", ""prac"", 1, 1, 2, -1, 2, ""D"", ""nontarget"", 1, 2, ""target"", 1, 26, 0, 474]"
debugzNLi4:debugbRj7V,70,1467620820739,"[""NBS2"", ""prac"", 1, 1, 2, -1, 3, ""D"", ""target"", 1, 1, ""target"", 1, 25, 1, 267]"
debugzNLi4:debugbRj7V,71,1467620820790,"[""NBS2"", ""prac"", 1, 1, 2, -1, 4, ""C"", ""nontarget"", 0, 2, ""nontarget"", 0, 25, 1, 503]"
debugzNLi4:debugbRj7V,72,1467620820841,"[""NBS2"", ""prac"", 1, 1, 2, -1, 5, ""D"", ""target"", 1, 1, ""target"", 1, 26, 1, 484]"
debugzNLi4:debugbRj7V,73,1467620820891,"[""NBS2"", ""prac"", 1, 1, 2, -1, 6, ""V"", ""nontarget"", 6, 2, ""nontarget"", 0, 25, 1, 541]"
debugzNLi4:debugbRj7V,74,1467620820892,"{""taskIndex"": 2, ""blockstarttime"": 1467620820586, ""isprac"": 1, ""blockIndex"": -1, ""blockendtime"": 1467620820892, ""TID"": 1, ""curtask"": ""NBS2"", ""phase"": ""block-timing"", ""blocktime"": 306, ""curphase"": ""prac""}"
debugzNLi4:debugbRj7V,75,1467620820892,"{""phase"": ""INSTRUCTIONS"", ""templates"": [""instructions/inst-interlude.html""], ""action"": ""Begin""}"
debugzNLi4:debugbRj7V,76,1467620821534,"{""phase"": ""INSTRUCTIONS"", ""indexOf"": 0, ""viewTime"": 641, ""action"": ""FinishInstructions"", ""template"": ""instructions/inst-interlude.html""}"
debugzNLi4:debugbRj7V,77,1467620821563,"{""task"": ""NBS2"", ""letterID"": [3, 2, 3, 2, 5, 4], ""stimID"": [2, 2, 1, 1, 2, 2], ""phase"": ""blocksetup"", ""curtaskindex"": 2, ""block"": 1}"
debugzNLi4:debugbRj7V,78,1467620821613,"[""NBS2"", ""main"", 1, 0, 2, 1, 1, ""P"", ""nontarget"", 3, 2, ""target"", 1, 25, 0, 266]"
debugzNLi4:debugbRj7V,79,1467620821664,"[""NBS2"", ""main"", 1, 0, 2, 1, 2, ""K"", ""nontarget"", 2, 2, ""nontarget"", 0, 26, 1, 606]"
debugzNLi4:debugbRj7V,80,1467620821714,"[""NBS2"", ""main"", 1, 0, 2, 1, 3, ""P"", ""target"", 3, 1, ""target"", 1, 25, 1, 453]"
debugzNLi4:debugbRj7V,81,1467620821765,"[""NBS2"", ""main"", 1, 0, 2, 1, 4, ""K"", ""target"", 2, 1, ""target"", 1, 25, 1, 530]"
debugzNLi4:debugbRj7V,82,1467620821816,"[""NBS2"", ""main"", 1, 0, 2, 1, 5, ""T"", ""nontarget"", 5, 2, ""nontarget"", 0, 25, 1, 387]"
debugzNLi4:debugbRj7V,83,1467620821866,"[""NBS2"", ""main"", 1, 0, 2, 1, 6, ""Q"", ""nontarget"", 4, 2, ""target"", 1, 25, 0, 422]"
debugzNLi4:debugbRj7V,84,1467620821867,"{""taskIndex"": 2, ""blockstarttime"": 1467620821563, ""isprac"": 0, ""blockIndex"": 1, ""blockendtime"": 1467620821867, ""TID"": 1, ""curtask"": ""NBS2"", ""phase"": ""block-timing"", ""blocktime"": 304, ""curphase"": ""main""}"
debugzNLi4:debugbRj7V,85,1467620821867,"{""phase"": ""INSTRUCTIONS"", ""templates"": [""instructions/inst-interlude.html""], ""action"": ""Begin""}"
debugzNLi4:debugbRj7V,86,1467620822316,"{""phase"": ""INSTRUCTIONS"", ""indexOf"": 0, ""viewTime"": 448, ""action"": ""FinishInstructions"", ""template"": ""instructions/inst-interlude.html""}"
debugzNLi4:debugbRj7V,87,1467620822343,"{""task"": ""NBS2"", ""letterID"": [5, 5, 5, 5, 0, 0], ""stimID"": [2, 2, 1, 1, 2, 2], ""phase"": ""blocksetup"", ""curtaskindex"": 2, ""block"": 2}"
debugzNLi4:debugbRj7V,88,1467620822394,"[""NBS2"", ""main"", 1, 0, 2, 2, 1, ""T"", ""nontarget"", 5, 2, ""target"", 1, 25, 0, 694]"
debugzNLi4:debugbRj7V,89,1467620822445,"[""NBS2"", ""main"", 1, 0, 2, 2, 2, ""T"", ""nontarget"", 5, 2, ""target"", 1, 25, 0, 333]"
debugzNLi4:debugbRj7V,90,1467620822495,"[""NBS2"", ""main"", 1, 0, 2, 2, 3, ""T"", ""target"", 5, 1, ""target"", 1, 25, 1, 397]"
debugzNLi4:debugbRj7V,91,1467620822546,"[""NBS2"", ""main"", 1, 0, 2, 2, 4, ""T"", ""target"", 5, 1, ""target"", 1, 25, 1, 479]"
debugzNLi4:debugbRj7V,92,1467620822596,"[""NBS2"", ""main"", 1, 0, 2, 2, 5, ""C"", ""nontarget"", 0, 2, ""target"", 1, 25, 0, 652]"
debugzNLi4:debugbRj7V,93,1467620822647,"[""NBS2"", ""main"", 1, 0, 2, 2, 6, ""C"", ""nontarget"", 0, 2, ""nontarget"", 0, 25, 1, 424]"
debugzNLi4:debugbRj7V,94,1467620822648,"{""taskIndex"": 2, ""blockstarttime"": 1467620822343, ""isprac"": 0, ""blockIndex"": 2, ""blockendtime"": 1467620822648, ""TID"": 1, ""curtask"": ""NBS2"", ""phase"": ""block-timing"", ""blocktime"": 305, ""curphase"": ""main""}"
debugzNLi4:debugbRj7V,95,1467620822648,"{""taskIndex"": 2, ""blockstarttime"": 1467620822343, ""isprac"": 0, ""blockIndex"": 3, ""blockendtime"": 1467620822648, ""TID"": 1, ""curtask"": ""NBS2"", ""phase"": ""block-timing"", ""blocktime"": 305, ""curphase"": ""main""}"
debugzNLi4:debugbRj7V,96,1467620822649,"{""phase"": ""INSTRUCTIONS"", ""templates"": [""instructions/nbs-inst-3f.html"", ""instructions/inst-prac.html""], ""action"": ""Begin""}"
debugzNLi4:debugbRj7V,97,1467620823573,"{""phase"": ""INSTRUCTIONS"", ""indexOf"": 0, ""viewTime"": 924, ""action"": ""NextPage"", ""template"": ""instructions/nbs-inst-3f.html""}"
debugzNLi4:debugbRj7V,98,1467620824421,"{""phase"": ""INSTRUCTIONS"", ""indexOf"": 1, ""viewTime"": 846, ""action"": ""FinishInstructions"", ""template"": ""instructions/inst-prac.html""}"
debugzNLi4:debugbRj7V,99,1467620824450,"{""task"": ""NBS3"", ""letterID"": [0, 4, 0, 0, 4, 6, 2], ""stimID"": [2, 2, 2, 1, 1, 2, 2], ""phase"": ""blocksetup"", ""curtaskindex"": 3, ""block"": -1}"
debugzNLi4:debugbRj7V,100,1467620824501,"[""NBS3"", ""prac"", 2, 1, 3, -1, 1, ""C"", ""nontarget"", 0, 2, ""nontarget"", 0, 25, 1, 677]"
debugzNLi4:debugbRj7V,101,1467620824551,"[""NBS3"", ""prac"", 2, 1, 3, -1, 2, ""Q"", ""nontarget"", 4, 2, ""target"", 1, 25, 0, 405]"
debugzNLi4:debugbRj7V,102,1467620824602,"[""NBS3"", ""prac"", 2, 1, 3, -1, 3, ""C"", ""nontarget"", 0, 2, ""nontarget"", 0, 25, 1, 735]"
debugzNLi4:debugbRj7V,103,1467620824653,"[""NBS3"", ""prac"", 2, 1, 3, -1, 4, ""C"", ""target"", 0, 1, ""target"", 1, 26, 1, 274]"
debugzNLi4:debugbRj7V,104,1467620824703,"[""NBS3"", ""prac"", 2, 1, 3, -1, 5, ""Q"", ""target"", 4, 1, ""nontarget"", 0, 25, 0, 582]"
debugzNLi4:debugbRj7V,105,1467620824754,"[""NBS3"", ""prac"", 2, 1, 3, -1, 6, ""V"", ""nontarget"", 6, 2, ""nontarget"", 0, 25, 1, 728]"
debugzNLi4:debugbRj7V,106,1467620824804,"[""NBS3"", ""prac"", 2, 1, 3, -1, 7, ""K"", ""nontarget"", 2, 2, ""target"", 1, 25, 0, 476]"
debugzNLi4:debugbRj7V,107,1467620824806,"{""taskIndex"": 3, ""blockstarttime"": 1467620824450, ""isprac"": 1, ""blockIndex"": -1, ""blockendtime"": 1467620824806, ""TID"": 2, ""curtask"": ""NBS3"", ""phase"": ""block-timing"", ""blocktime"": 356, ""curphase"": ""prac""}"
debugzNLi4:debugbRj7V,108,1467620824806,"{""phase"": ""INSTRUCTIONS"", ""templates"": [""instructions/inst-interlude.html""], ""action"": ""Begin""}"
debugzNLi4:debugbRj7V,109,1467620825284,"{""phase"": ""INSTRUCTIONS"", ""indexOf"": 0, ""viewTime"": 478, ""action"": ""FinishInstructions"", ""template"": ""instructions/inst-interlude.html""}"
debugzNLi4:debugbRj7V,110,1467620825312,"{""task"": ""NBS3"", ""letterID"": [0, 0, 1, 1, 5, 1, 1], ""stimID"": [2, 2, 2, 2, 2, 1, 1], ""phase"": ""blocksetup"", ""curtaskindex"": 3, ""block"": 1}"
debugzNLi4:debugbRj7V,111,1467620825363,"[""NBS3"", ""main"", 2, 0, 3, 1, 1, ""C"", ""nontarget"", 0, 2, ""target"", 1, 25, 0, 514]"
debugzNLi4:debugbRj7V,112,1467620825413,"[""NBS3"", ""main"", 2, 0, 3, 1, 2, ""C"", ""nontarget"", 0, 2, ""target"", 1, 25, 0, 530]"
debugzNLi4:debugbRj7V,113,1467620825464,"[""NBS3"", ""main"", 2, 0, 3, 1, 3, ""D"", ""nontarget"", 1, 2, ""target"", 1, 26, 0, 486]"
debugzNLi4:debugbRj7V,114,1467620825514,"[""NBS3"", ""main"", 2, 0, 3, 1, 4, ""D"", ""nontarget"", 1, 2, ""nontarget"", 0, 25, 1, 697]"
debugzNLi4:debugbRj7V,115,1467620825565,"[""NBS3"", ""main"", 2, 0, 3, 1, 5, ""T"", ""nontarget"", 5, 2, ""target"", 1, 25, 0, 698]"
debugzNLi4:debugbRj7V,116,1467620825615,"[""NBS3"", ""main"", 2, 0, 3, 1, 6, ""D"", ""target"", 1, 1, ""target"", 1, 25, 1, 606]"
debugzNLi4:debugbRj7V,117,1467620825666,"[""NBS3"", ""main"", 2, 0, 3, 1, 7, ""D"", ""target"", 1, 1, ""nontarget"", 0, 25, 0, 445]"
debugzNLi4:debugbRj7V,118,1467620825667,"{""taskIndex"": 3, ""blockstarttime"": 1467620825312, ""isprac"": 0, ""blockIndex"": 1, ""blockendtime"": 1467620825667, ""TID"": 2, ""curtask"": ""NBS3"", ""phase"": ""block-timing"", ""blocktime"": 355, ""curphase"": ""main""}"
debugzNLi4:debugbRj7V,119,1467620825667,"{""phase"": ""INSTRUCTIONS"", ""templates"": [""instructions/inst-interlude.html""], ""action"": ""Begin""}"
debugzNLi4:debugbRj7V,120,1467620826284,"{""phase"": ""INSTRUCTIONS"", ""indexOf"": 0, ""viewTime"": 616, ""action"": ""FinishInstructions"", ""template"": ""instructions/inst-interlude.html""}"
debugzNLi4:debugbRj7V,121,1467620826312,"{""task"": ""NBS3"", ""letterID"": [6, 2, 5, 2, 2, 5, 3], ""stimID"": [2, 2, 2, 2, 1, 1, 2], ""phase"": ""blocksetup"", ""curtaskindex"": 3, ""block"": 2}"
debugzNLi4:debugbRj7V,122,1467620826362,"[""NBS3"", ""main"", 2, 0, 3, 2, 1, ""V"", ""nontarget"", 6, 2, ""target"", 1, 25, 0, 608]"
debugzNLi4:debugbRj7V,123,1467620826413,"[""NBS3"", ""main"", 2, 0, 3, 2, 2, ""K"", ""nontarget"", 2, 2, ""nontarget"", 0, 26, 1, 666]"
debugzNLi4:debugbRj7V,124,1467620826463,"[""NBS3"", ""main"", 2, 0, 3, 2, 3, ""T"", ""nontarget"", 5, 2, ""target"", 1, 25, 0, 700]"
debugzNLi4:debugbRj7V,125,1467620826514,"[""NBS3"", ""main"", 2, 0, 3, 2, 4, ""K"", ""nontarget"", 2, 2, ""target"", 1, 25, 0, 657]"
debugzNLi4:debugbRj7V,126,1467620826564,"[""NBS3"", ""main"", 2, 0, 3, 2, 5, ""K"", ""target"", 2, 1, ""target"", 1, 25, 1, 538]"
debugzNLi4:debugbRj7V,127,1467620826615,"[""NBS3"", ""main"", 2, 0, 3, 2, 6, ""T"", ""target"", 5, 1, ""target"", 1, 25, 1, 332]"
debugzNLi4:debugbRj7V,128,1467620826665,"[""NBS3"", ""main"", 2, 0, 3, 2, 7, ""P"", ""nontarget"", 3, 2, ""nontarget"", 0, 25, 1, 746]"
debugzNLi4:debugbRj7V,129,1467620826666,"{""taskIndex"": 3, ""blockstarttime"": 1467620826312, ""isprac"": 0, ""blockIndex"": 2, ""blockendtime"": 1467620826666, ""TID"": 2, ""curtask"": ""NBS3"", ""phase"": ""block-timing"", ""blocktime"": 354, ""curphase"": ""main""}"
debugzNLi4:debugbRj7V,130,1467620826667,"{""taskIndex"": 3, ""blockstarttime"": 1467620826312, ""isprac"": 0, ""blockIndex"": 3, ""blockendtime"": 1467620826667, ""TID"": 2, ""curtask"": ""NBS3"", ""phase"": ""block-timing"", ""blocktime"": 355, ""curphase"": ""main""}"
debugzNLi4:debugbRj7V,131,1467620826668,"{""phase"": ""INSTRUCTIONS"", ""templates"": [""instructions/nbr-inst-2f.html"", ""instructions/inst-prac.html""], ""action"": ""Begin""}"
debugzNLi4:debugbRj7V,132,1467620827909,"{""phase"": ""INSTRUCTIONS"", ""indexOf"": 0, ""viewTime"": 1240, ""action"": ""NextPage"", ""template"": ""instructions/nbr-inst-2f.html""}"
debugzNLi4:debugbRj7V,133,1467620828989,"{""phase"": ""INSTRUCTIONS"", ""indexOf"": 1, ""viewTime"": 1080, ""action"": ""FinishInstructions"", ""template"": ""instructions/inst-prac.html""}"
debugzNLi4:debugbRj7V,134,1467620829017,"{""task"": ""NBR2"", ""letterID"": [2, 4, 2, 4, 4, 2], ""stimID"": [2, 2, 1, 1, 2, 2], ""phase"": ""blocksetup"", ""curtaskindex"": 4, ""block"": -1}"
debugzNLi4:debugbRj7V,135,1467620829068,"[""NBR2"", ""prac"", 3, 1, 4, -1, 1, ""K"", ""nontarget"", 2, 2, ""target"", 1, 25, 0, 628, 0, 1, 0, 1]"
debugzNLi4:debugbRj7V,136,1467620829119,"[""NBR2"", ""prac"", 3, 1, 4, -1, 2, ""Q"", ""nontarget"", 4, 2, ""target"", 1, 25, 0, 569, 0, 2, 0, 2]"
debugzNLi4:debugbRj7V,137,1467620829169,"[""NBR2"", ""prac"", 3, 1, 4, -1, 3, ""K"", ""target"", 2, 1, ""nontarget"", 0, 25, 0, 459, 0, 3, 1, 2]"
debugzNLi4:debugbRj7V,138,1467620829220,"[""NBR2"", ""prac"", 3, 1, 4, -1, 4, ""Q"", ""target"", 4, 1, ""nontarget"", 0, 25, 0, 711, 0, 4, 2, 2]"
debugzNLi4:debugbRj7V,139,1467620829270,"[""NBR2"", ""prac"", 3, 1, 4, -1, 5, ""Q"", ""nontarget"", 4, 2, ""nontarget"", 0, 25, 1, 437, 0, 5, 2, 3]"
debugzNLi4:debugbRj7V,140,1467620829321,"[""NBR2"", ""prac"", 3, 1, 4, -1, 6, ""K"", ""nontarget"", 2, 2, ""target"", 1, 25, 0, 729, 0, 6, 2, 4]"
debugzNLi4:debugbRj7V,141,1467620829322,"{""taskIndex"": 4, ""blockstarttime"": 1467620829017, ""isprac"": 1, ""blockIndex"": -1, ""blockendtime"": 1467620829322, ""TID"": 3, ""curtask"": ""NBR2"", ""phase"": ""block-timing"", ""blocktime"": 305, ""curphase"": ""prac""}"
debugzNLi4:debugbRj7V,142,1467620829322,"{""phase"": ""INSTRUCTIONS"", ""templates"": [""instructions/inst-interlude.html""], ""action"": ""Begin""}"
debugzNLi4:debugbRj7V,143,1467620829766,"{""phase"": ""INSTRUCTIONS"", ""indexOf"": 0, ""viewTime"": 443, ""action"": ""FinishInstructions"", ""template"": ""instructions/inst-interlude.html""}"
debugzNLi4:debugbRj7V,144,1467620829799,"{""task"": ""NBR2"", ""letterID"": [2, 6, 3, 6, 3, 4], ""stimID"": [2, 2, 2, 1, 1, 2], ""phase"": ""blocksetup"", ""curtaskindex"": 4, ""block"": 1}"
debugzNLi4:debugbRj7V,145,1467620829850,"[""NBR2"", ""main"", 3, 0, 4, 1, 1, ""K"", ""nontarget"", 2, 2, ""reset"", -2, 25, -2, 316, 1, 0, 0, 0]"
debugzNLi4:debugbRj7V,146,1467620829851,"{""task"": ""NBR2"", ""letterID"": [5, 4, 4, 4, 6, 4], ""nresets"": 1, ""stimID"": [2, 2, 2, 1, 2, 1], ""phase"": ""reset"", ""curtaskindex"": 4, ""block"": 1}"
debugzNLi4:debugbRj7V,147,1467620829952,"[""NBR2"", ""main"", 3, 0, 4, 1, 2, ""T"", ""nontarget"", 5, 2, ""target"", 1, 26, 0, 613, 1, 1, 0, 1]"
debugzNLi4:debugbRj7V,148,1467620830002,"[""NBR2"", ""main"", 3, 0, 4, 1, 3, ""Q"", ""nontarget"", 4, 2, ""target"", 1, 25, 0, 280, 1, 2, 0, 2]"
debugzNLi4:debugbRj7V,149,1467620830053,"[""NBR2"", ""main"", 3, 0, 4, 1, 4, ""Q"", ""nontarget"", 4, 2, ""nontarget"", 0, 25, 1, 453, 1, 3, 0, 3]"
debugzNLi4:debugbRj7V,150,1467620830104,"[""NBR2"", ""main"", 3, 0, 4, 1, 5, ""Q"", ""target"", 4, 1, ""nontarget"", 0, 26, 0, 378, 1, 4, 1, 3]"
debugzNLi4:debugbRj7V,151,1467620830154,"[""NBR2"", ""main"", 3, 0, 4, 1, 6, ""V"", ""nontarget"", 6, 2, ""target"", 1, 25, 0, 315, 1, 5, 1, 4]"
debugzNLi4:debugbRj7V,152,1467620830205,"[""NBR2"", ""main"", 3, 0, 4, 1, 7, ""Q"", ""target"", 4, 1, ""reset"", -2, 26, -2, 274, 2, 0, 1, 4]"
debugzNLi4:debugbRj7V,153,1467620830205,"{""task"": ""NBR2"", ""letterID"": [5, 4, 5, 5], ""nresets"": 2, ""stimID"": [2, 2, 1, 2], ""phase"": ""reset"", ""curtaskindex"": 4, ""block"": 1}"
debugzNLi4:debugbRj7V,154,1467620830308,"[""NBR2"", ""main"", 3, 0, 4, 1, 8, ""T"", ""nontarget"", 5, 2, ""nontarget"", 0, 25, 1, 679, 2, 1, 1, 5]"
debugzNLi4:debugbRj7V,155,1467620830359,"[""NBR2"", ""main"", 3, 0, 4, 1, 9, ""Q"", ""nontarget"", 4, 2, ""target"", 1, 26, 0, 526, 2, 2, 1, 6]"
debugzNLi4:debugbRj7V,156,1467620830409,"[""NBR2"", ""main"", 3, 0, 4, 1, 10, ""T"", ""target"", 5, 1, ""nontarget"", 0, 25, 0, 394, 2, 3, 2, 6]"
debugzNLi4:debugbRj7V,157,1467620830460,"[""NBR2"", ""main"", 3, 0, 4, 1, 11, ""T"", ""nontarget"", 5, 2, ""target"", 1, 25, 0, 359, 2, 4, 2, 7]"
debugzNLi4:debugbRj7V,158,1467620830461,"{""taskIndex"": 4, ""blockstarttime"": 1467620829799, ""isprac"": 0, ""blockIndex"": 1, ""blockendtime"": 1467620830461, ""TID"": 3, ""curtask"": ""NBR2"", ""phase"": ""block-timing"", ""blocktime"": 662, ""curphase"": ""main""}"
debugzNLi4:debugbRj7V,159,1467620830461,"{""phase"": ""INSTRUCTIONS"", ""templates"": [""instructions/inst-interlude.html""], ""action"": ""Begin""}"
debugzNLi4:debugbRj7V,160,1467620830958,"{""phase"": ""INSTRUCTIONS"", ""indexOf"": 0, ""viewTime"": 496, ""action"": ""FinishInstructions"", ""template"": ""instructions/inst-interlude.html""}"
debugzNLi4:debugbRj7V,161,1467620830990,"{""task"": ""NBR2"", ""letterID"": [4, 4, 4, 6, 6, 6], ""stimID"": [2, 2, 1, 2, 2, 1], ""phase"": ""blocksetup"", ""curtaskindex"": 4, ""block"": 2}"
debugzNLi4:debugbRj7V,162,1467620831041,"[""NBR2"", ""main"", 3, 0, 4, 2, 1, ""Q"", ""nontarget"", 4, 2, ""target"", 1, 25, 0, 543, 0, 1, 0, 1]"
debugzNLi4:debugbRj7V,163,1467620831091,"[""NBR2"", ""main"", 3, 0, 4, 2, 2, ""Q"", ""nontarget"", 4, 2, ""reset"", -2, 25, -2, 733, 1, 0, 0, 1]"
debugzNLi4:debugbRj7V,164,1467620831092,"{""task"": ""NBR2"", ""letterID"": [0, 6, 0, 4, 3, 4], ""nresets"": 1, ""stimID"": [2, 2, 1, 2, 2, 1], ""phase"": ""reset"", ""curtaskindex"": 4, ""block"": 2}"
debugzNLi4:debugbRj7V,165,1467620831193,"[""NBR2"", ""main"", 3, 0, 4, 2, 3, ""C"", ""nontarget"", 0, 2, ""target"", 1, 25, 0, 395, 1, 1, 0, 2]"
debugzNLi4:debugbRj7V,166,1467620831243,"[""NBR2"", ""main"", 3, 0, 4, 2, 4, ""V"", ""nontarget"", 6, 2, ""nontarget"", 0, 25, 1, 343, 1, 2, 0, 3]"
debugzNLi4:debugbRj7V,167,1467620831294,"[""NBR2"", ""main"", 3, 0, 4, 2, 5, ""C"", ""target"", 0, 1, ""nontarget"", 0, 26, 0, 418, 1, 3, 1, 3]"
debugzNLi4:debugbRj7V,168,1467620831344,"[""NBR2"", ""main"", 3, 0, 4, 2, 6, ""Q"", ""nontarget"", 4, 2, ""nontarget"", 0, 25, 1, 396, 1, 4, 1, 4]"
debugzNLi4:debugbRj7V,169,1467620831395,"[""NBR2"", ""main"", 3, 0, 4, 2, 7, ""P"", ""nontarget"", 3, 2, ""nontarget"", 0, 26, 1, 730, 1, 5, 1, 5]"
debugzNLi4:debugbRj7V,170,1467620831445,"[""NBR2"", ""main"", 3, 0, 4, 2, 8, ""Q"", ""target"", 4, 1, ""nontarget"", 0, 25, 0, 689, 1, 6, 2, 5]"
debugzNLi4:debugbRj7V,171,1467620831446,"{""taskIndex"": 4, ""blockstarttime"": 1467620830990, ""isprac"": 0, ""blockIndex"": 2, ""blockendtime"": 1467620831446, ""TID"": 3, ""curtask"": ""NBR2"", ""phase"": ""block-timing"", ""blocktime"": 456, ""curphase"": ""main""}"
debugzNLi4:debugbRj7V,172,1467620831447,"{""taskIndex"": 4, ""blockstarttime"": 1467620830990, ""isprac"": 0, ""blockIndex"": 3, ""blockendtime"": 1467620831447, ""TID"": 3, ""curtask"": ""NBR2"", ""phase"": ""block-timing"", ""blocktime"": 457, ""curphase"": ""main""}"
debugzNLi4:debugbRj7V,173,1467620831447,"{""phase"": ""INSTRUCTIONS"", ""templates"": [""instructions/nbr-inst-3f.html"", ""instructions/inst-prac.html""], ""action"": ""Begin""}"
debugzNLi4:debugbRj7V,174,1467620833125,"{""phase"": ""INSTRUCTIONS"", ""indexOf"": 0, ""viewTime"": 1676, ""action"": ""NextPage"", ""template"": ""instructions/nbr-inst-3f.html""}"
debugzNLi4:debugbRj7V,175,1467620833798,"{""phase"": ""INSTRUCTIONS"", ""indexOf"": 1, ""viewTime"": 673, ""action"": ""FinishInstructions"", ""template"": ""instructions/inst-prac.html""}"
debugzNLi4:debugbRj7V,176,1467620833829,"{""task"": ""NBR3"", ""letterID"": [2, 5, 3, 1, 5, 0, 1], ""stimID"": [2, 2, 2, 2, 1, 2, 1], ""phase"": ""blocksetup"", ""curtaskindex"": 5, ""block"": -1}"
debugzNLi4:debugbRj7V,177,1467620833880,"[""NBR3"", ""prac"", 4, 1, 5, -1, 1, ""K"", ""nontarget"", 2, 2, ""nontarget"", 0, 25, 1, 609, 0, 1, 0, 1]"
debugzNLi4:debugbRj7V,178,1467620833931,"[""NBR3"", ""prac"", 4, 1, 5, -1, 2, ""T"", ""nontarget"", 5, 2, ""reset"", -2, 25, -2, 422, 1, 0, 0, 1]"
debugzNLi4:debugbRj7V,179,1467620833931,"{""task"": ""NBR3"", ""letterID"": [3, 2, 1, 3, 0, 1], ""nresets"": 1, ""stimID"": [2, 2, 2, 1, 2, 1], ""phase"": ""reset"", ""curtaskindex"": 5, ""block"": -1}"
debugzNLi4:debugbRj7V,180,1467620834032,"[""NBR3"", ""prac"", 4, 1, 5, -1, 3, ""P"", ""nontarget"", 3, 2, ""nontarget"", 0, 25, 1, 631, 1, 1, 0, 2]"
debugzNLi4:debugbRj7V,181,1467620834082,"[""NBR3"", ""prac"", 4, 1, 5, -1, 4, ""K"", ""nontarget"", 2, 2, ""nontarget"", 0, 25, 1, 604, 1, 2, 0, 3]"
debugzNLi4:debugbRj7V,182,1467620834133,"[""NBR3"", ""prac"", 4, 1, 5, -1, 5, ""D"", ""nontarget"", 1, 2, ""nontarget"", 0, 26, 1, 440, 1, 3, 0, 4]"
debugzNLi4:debugbRj7V,183,1467620834183,"[""NBR3"", ""prac"", 4, 1, 5, -1, 6, ""P"", ""target"", 3, 1, ""reset"", -2, 25, -2, 661, 2, 0, 0, 4]"
debugzNLi4:debugbRj7V,184,1467620834183,"{""task"": ""NBR3"", ""letterID"": [6, 6, 0, 6, 6, 5], ""nresets"": 2, ""stimID"": [2, 2, 2, 1, 1, 2], ""phase"": ""reset"", ""curtaskindex"": 5, ""block"": -1}"
debugzNLi4:debugbRj7V,185,1467620834284,"[""NBR3"", ""prac"", 4, 1, 5, -1, 7, ""V"", ""nontarget"", 6, 2, ""target"", 1, 25, 0, 562, 2, 1, 0, 5]"
debugzNLi4:debugbRj7V,186,1467620834336,"[""NBR3"", ""prac"", 4, 1, 5, -1, 8, ""V"", ""nontarget"", 6, 2, ""nontarget"", 0, 25, 1, 743, 2, 2, 0, 6]"
debugzNLi4:debugbRj7V,187,1467620834386,"[""NBR3"", ""prac"", 4, 1, 5, -1, 9, ""C"", ""nontarget"", 0, 2, ""target"", 1, 25, 0, 701, 2, 3, 0, 7]"
debugzNLi4:debugbRj7V,188,1467620834437,"[""NBR3"", ""prac"", 4, 1, 5, -1, 10, ""V"", ""target"", 6, 1, ""nontarget"", 0, 25, 0, 574, 2, 4, 1, 7]"
debugzNLi4:debugbRj7V,189,1467620834487,"[""NBR3"", ""prac"", 4, 1, 5, -1, 11, ""V"", ""target"", 6, 1, ""nontarget"", 0, 25, 0, 602, 2, 5, 2, 7]"
debugzNLi4:debugbRj7V,190,1467620834538,"[""NBR3"", ""prac"", 4, 1, 5, -1, 12, ""T"", ""nontarget"", 5, 2, ""nontarget"", 0, 25, 1, 472, 2, 6, 2, 8]"
debugzNLi4:debugbRj7V,191,1467620834539,"{""taskIndex"": 5, ""blockstarttime"": 1467620833829, ""isprac"": 1, ""blockIndex"": -1, ""blockendtime"": 1467620834539, ""TID"": 4, ""curtask"": ""NBR3"", ""phase"": ""block-timing"", ""blocktime"": 710, ""curphase"": ""prac""}"
debugzNLi4:debugbRj7V,192,1467620834539,"{""phase"": ""INSTRUCTIONS"", ""templates"": [""instructions/inst-interlude.html""], ""action"": ""Begin""}"
debugzNLi4:debugbRj7V,193,1467620835205,"{""phase"": ""INSTRUCTIONS"", ""indexOf"": 0, ""viewTime"": 665, ""action"": ""FinishInstructions"", ""template"": ""instructions/inst-interlude.html""}"
debugzNLi4:debugbRj7V,194,1467620835235,"{""task"": ""NBR3"", ""letterID"": [3, 6, 4, 5, 0, 4, 5], ""stimID"": [2, 2, 2, 2, 2, 1, 1], ""phase"": ""blocksetup"", ""curtaskindex"": 5, ""block"": 1}"
debugzNLi4:debugbRj7V,195,1467620835285,"[""NBR3"", ""main"", 4, 0, 5, 1, 1, ""P"", ""nontarget"", 3, 2, ""nontarget"", 0, 25, 1, 684, 0, 1, 0, 1]"
debugzNLi4:debugbRj7V,196,1467620835336,"[""NBR3"", ""main"", 4, 0, 5, 1, 2, ""V"", ""nontarget"", 6, 2, ""nontarget"", 0, 25, 1, 376, 0, 2, 0, 2]"
debugzNLi4:debugbRj7V,197,1467620835387,"[""NBR3"", ""main"", 4, 0, 5, 1, 3, ""Q"", ""nontarget"", 4, 2, ""target"", 1, 26, 0, 509, 0, 3, 0, 3]"
debugzNLi4:debugbRj7V,198,1467620835437,"[""NBR3"", ""main"", 4, 0, 5, 1, 4, ""T"", ""nontarget"", 5, 2, ""nontarget"", 0, 25, 1, 481, 0, 4, 0, 4]"
debugzNLi4:debugbRj7V,199,1467620835488,"[""NBR3"", ""main"", 4, 0, 5, 1, 5, ""C"", ""nontarget"", 0, 2, ""target"", 1, 26, 0, 360, 0, 5, 0, 5]"
debugzNLi4:debugbRj7V,200,1467620835538,"[""NBR3"", ""main"", 4, 0, 5, 1, 6, ""Q"", ""target"", 4, 1, ""reset"", -2, 25, -2, 324, 1, 0, 0, 5]"
debugzNLi4:debugbRj7V,201,1467620835538,"{""task"": ""NBR3"", ""letterID"": [2, 5, 5, 2, 5, 0], ""nresets"": 1, ""stimID"": [2, 2, 2, 1, 1, 2], ""phase"": ""reset"", ""curtaskindex"": 5, ""block"": 1}"
debugzNLi4:debugbRj7V,202,1467620835639,"[""NBR3"", ""main"", 4, 0, 5, 1, 7, ""K"", ""nontarget"", 2, 2, ""nontarget"", 0, 25, 1, 712, 1, 1, 0, 6]"
debugzNLi4:debugbRj7V,203,1467620835690,"[""NBR3"", ""main"", 4, 0, 5, 1, 8, ""T"", ""nontarget"", 5, 2, ""nontarget"", 0, 26, 1, 574, 1, 2, 0, 7]"
debugzNLi4:debugbRj7V,204,1467620835740,"[""NBR3"", ""main"", 4, 0, 5, 1, 9, ""T"", ""nontarget"", 5, 2, ""reset"", -2, 25, -2, 626, 2, 0, 0, 7]"
debugzNLi4:debugbRj7V,205,1467620835741,"{""task"": ""NBR3"", ""letterID"": [5, 5, 6, 4, 5, 6], ""nresets"": 2, ""stimID"": [2, 2, 2, 2, 1, 1], ""phase"": ""reset"", ""curtaskindex"": 5, ""block"": 1}"
debugzNLi4:debugbRj7V,206,1467620835841,"[""NBR3"", ""main"", 4, 0, 5, 1, 10, ""T"", ""nontarget"", 5, 2, ""nontarget"", 0, 25, 1, 326, 2, 1, 0, 8]"
debugzNLi4:debugbRj7V,207,1467620835892,"[""NBR3"", ""main"", 4, 0, 5, 1, 11, ""T"", ""nontarget"", 5, 2, ""target"", 1, 25, 0, 294, 2, 2, 0, 9]"
debugzNLi4:debugbRj7V,208,1467620835943,"[""NBR3"", ""main"", 4, 0, 5, 1, 12, ""V"", ""nontarget"", 6, 2, ""target"", 1, 25, 0, 373, 2, 3, 0, 10]"
debugzNLi4:debugbRj7V,209,1467620835993,"[""NBR3"", ""main"", 4, 0, 5, 1, 13, ""Q"", ""nontarget"", 4, 2, ""target"", 1, 25, 0, 486, 2, 4, 0, 11]"
debugzNLi4:debugbRj7V,210,1467620836044,"[""NBR3"", ""main"", 4, 0, 5, 1, 14, ""T"", ""target"", 5, 1, ""nontarget"", 0, 25, 0, 280, 2, 5, 1, 11]"
debugzNLi4:debugbRj7V,211,1467620836094,"[""NBR3"", ""main"", 4, 0, 5, 1, 15, ""V"", ""target"", 6, 1, ""target"", 1, 25, 1, 641, 2, 6, 2, 11]"
debugzNLi4:debugbRj7V,212,1467620836095,"{""taskIndex"": 5, ""blockstarttime"": 1467620835235, ""isprac"": 0, ""blockIndex"": 1, ""blockendtime"": 1467620836095, ""TID"": 4, ""curtask"": ""NBR3"", ""phase"": ""block-timing"", ""blocktime"": 860, ""curphase"": ""main""}"
debugzNLi4:debugbRj7V,213,1467620836095,"{""phase"": ""INSTRUCTIONS"", ""templates"": [""instructions/inst-interlude.html""], ""action"": ""Begin""}"
debugzNLi4:debugbRj7V,214,1467620836621,"{""phase"": ""INSTRUCTIONS"", ""indexOf"": 0, ""viewTime"": 525, ""action"": ""FinishInstructions"", ""template"": ""instructions/inst-interlude.html""}"
debugzNLi4:debugbRj7V,215,1467620836648,"{""task"": ""NBR3"", ""letterID"": [2, 5, 2, 3, 5, 2, 2], ""stimID"": [2, 2, 2, 2, 1, 1, 2], ""phase"": ""blocksetup"", ""curtaskindex"": 5, ""block"": 2}"
debugzNLi4:debugbRj7V,216,1467620836699,"[""NBR3"", ""main"", 4, 0, 5, 2, 1, ""K"", ""nontarget"", 2, 2, ""nontarget"", 0, 25, 1, 731, 0, 1, 0, 1]"
debugzNLi4:debugbRj7V,217,1467620836750,"[""NBR3"", ""main"", 4, 0, 5, 2, 2, ""T"", ""nontarget"", 5, 2, ""nontarget"", 0, 25, 1, 605, 0, 2, 0, 2]"
debugzNLi4:debugbRj7V,218,1467620836800,"[""NBR3"", ""main"", 4, 0, 5, 2, 3, ""K"", ""nontarget"", 2, 2, ""target"", 1, 25, 0, 323, 0, 3, 0, 3]"
debugzNLi4:debugbRj7V,219,1467620836851,"[""NBR3"", ""main"", 4, 0, 5, 2, 4, ""P"", ""nontarget"", 3, 2, ""target"", 1, 26, 0, 553, 0, 4, 0, 4]"
debugzNLi4:debugbRj7V,220,1467620836901,"[""NBR3"", ""main"", 4, 0, 5, 2, 5, ""T"", ""target"", 5, 1, ""reset"", -2, 25, -2, 642, 1, 0, 0, 4]"
debugzNLi4:debugbRj7V,221,1467620836902,"{""task"": ""NBR3"", ""letterID"": [6, 1, 3, 5, 1, 3], ""nresets"": 1, ""stimID"": [2, 2, 2, 2, 1, 1], ""phase"": ""reset"", ""curtaskindex"": 5, ""block"": 2}"
debugzNLi4:debugbRj7V,222,1467620837003,"[""NBR3"", ""main"", 4, 0, 5, 2, 6, ""V"", ""nontarget"", 6, 2, ""reset"", -2, 25, -2, 417, 2, 0, 0, 4]"
debugzNLi4:debugbRj7V,223,1467620837003,"{""task"": ""NBR3"", ""letterID"": [2, 1, 4, 2, 6, 4], ""nresets"": 2, ""stimID"": [2, 2, 2, 1, 2, 1], ""phase"": ""reset"", ""curtaskindex"": 5, ""block"": 2}"
debugzNLi4:debugbRj7V,224,1467620837104,"[""NBR3"", ""main"", 4, 0, 5, 2, 7, ""K"", ""nontarget"", 2, 2, ""nontarget"", 0, 25, 1, 557, 2, 1, 0, 5]"
debugzNLi4:debugbRj7V,225,1467620837154,"[""NBR3"", ""main"", 4, 0, 5, 2, 8, ""D"", ""nontarget"", 1, 2, ""target"", 1, 25, 0, 397, 2, 2, 0, 6]"
debugzNLi4:debugbRj7V,226,1467620837205,"[""NBR3"", ""main"", 4, 0, 5, 2, 9, ""Q"", ""nontarget"", 4, 2, ""reset"", -2, 25, -2, 276, 3, 0, 0, 6]"
debugzNLi4:debugbRj7V,227,1467620837205,"{""task"": ""NBR3"", ""letterID"": [6, 4, 5, 6, 5, 5], ""nresets"": 3, ""stimID"": [2, 2, 2, 1, 2, 1], ""phase"": ""reset"", ""curtaskindex"": 5, ""block"": 2}"
debugzNLi4:debugbRj7V,228,1467620837306,"[""NBR3"", ""main"", 4, 0, 5, 2, 10, ""V"", ""nontarget"", 6, 2, ""nontarget"", 0, 26, 1, 554, 3, 1, 0, 7]"
debugzNLi4:debugbRj7V,229,1467620837356,"[""NBR3"", ""main"", 4, 0, 5, 2, 11, ""Q"", ""nontarget"", 4, 2, ""nontarget"", 0, 25, 1, 489, 3, 2, 0, 8]"
debugzNLi4:debugbRj7V,230,1467620837407,"[""NBR3"", ""main"", 4, 0, 5, 2, 12, ""T"", ""nontarget"", 5, 2, ""target"", 1, 26, 0, 467, 3, 3, 0, 9]"
debugzNLi4:debugbRj7V,231,1467620837457,"[""NBR3"", ""main"", 4, 0, 5, 2, 13, ""V"", ""target"", 6, 1, ""target"", 1, 25, 1, 461, 3, 4, 1, 9]"
debugzNLi4:debugbRj7V,232,1467620837508,"[""NBR3"", ""main"", 4, 0, 5, 2, 14, ""T"", ""nontarget"", 5, 2, ""nontarget"", 0, 26, 1, 500, 3, 5, 1, 10]"
debugzNLi4:debugbRj7V,233,1467620837558,"[""NBR3"", ""main"", 4, 0, 5, 2, 15, ""T"", ""target"", 5, 1, ""reset"", -2, 25, -2, 254, 4, 0, 1, 10]"
debugzNLi4:debugbRj7V,234,1467620837559,"{""task"": ""NBR3"", ""letterID"": [4, 0, 0, 6, 0], ""nresets"": 4, ""stimID"": [2, 2, 2, 2, 1], ""phase"": ""reset"", ""curtaskindex"": 5, ""block"": 2}"
debugzNLi4:debugbRj7V,235,1467620837659,"[""NBR3"", ""main"", 4, 0, 5, 2, 16, ""Q"", ""nontarget"", 4, 2, ""target"", 1, 25, 0, 443, 4, 1, 1, 11]"
debugzNLi4:debugbRj7V,236,1467620837710,"[""NBR3"", ""main"", 4, 0, 5, 2, 17, ""C"", ""nontarget"", 0, 2, ""target"", 1, 26, 0, 658, 4, 2, 1, 12]"
debugzNLi4:debugbRj7V,237,1467620837760,"[""NBR3"", ""main"", 4, 0, 5, 2, 18, ""C"", ""nontarget"", 0, 2, ""nontarget"", 0, 25, 1, 745, 4, 3, 1, 13]"
debugzNLi4:debugbRj7V,238,1467620837811,"[""NBR3"", ""main"", 4, 0, 5, 2, 19, ""V"", ""nontarget"", 6, 2, ""target"", 1, 25, 0, 356, 4, 4, 1, 14]"
debugzNLi4:debugbRj7V,239,1467620837861,"[""NBR3"", ""main"", 4, 0, 5, 2, 20, ""C"", ""target"", 0, 1, ""nontarget"", 0, 25, 0, 451, 4, 5, 2, 14]"
debugzNLi4:debugbRj7V,240,1467620837863,"{""taskIndex"": 5, ""blockstarttime"": 1467620836648, ""isprac"": 0, ""blockIndex"": 2, ""blockendtime"": 1467620837863, ""TID"": 4, ""curtask"": ""NBR3"", ""phase"": ""block-timing"", ""blocktime"": 1215, ""curphase"": ""main""}"
debugzNLi4:debugbRj7V,241,1467620837864,"{""taskIndex"": 5, ""blockstarttime"": 1467620836648, ""isprac"": 0, ""blockIndex"": 3, ""blockendtime"": 1467620837864, ""TID"": 4, ""curtask"": ""NBR3"", ""phase"": ""block-timing"", ""blocktime"": 1216, ""curphase"": ""main""}"
debugzNLi4:debugbRj7V,242,1467620837865,"{""phase"": ""postquestionnaire"", ""status"": ""begin""}"
debugzNLi4:debugbRj7V,243,1467620851270,"{""phase"": ""postquestionnaire"", ""status"": ""submit""}"
