debugDIbLn:debugfvhBQ,0,1467510601834,"{""phase"": ""INSTRUCTIONS"", ""templates"": [""instructions/base-inst-f.html""], ""action"": ""Begin""}"
debugDIbLn:debugfvhBQ,1,1467510603168,"{""phase"": ""INSTRUCTIONS"", ""indexOf"": 0, ""viewTime"": 1331, ""action"": ""FinishInstructions"", ""template"": ""instructions/base-inst-f.html""}"
debugDIbLn:debugfvhBQ,2,1467510603171,"{""phase"": ""INSTRUCTIONS"", ""templates"": [""instructions/nbr-inst-2f.html"", ""instructions/inst-prac.html""], ""action"": ""Begin""}"
debugDIbLn:debugfvhBQ,3,1467510616263,"{""phase"": ""INSTRUCTIONS"", ""indexOf"": 0, ""viewTime"": 13090, ""action"": ""NextPage"", ""template"": ""instructions/nbr-inst-2f.html""}"
debugDIbLn:debugfvhBQ,4,1467510617927,"{""phase"": ""INSTRUCTIONS"", ""indexOf"": 1, ""viewTime"": 1663, ""action"": ""FinishInstructions"", ""template"": ""instructions/inst-prac.html""}"
debugFzDBA:debugJ9ims,0,1467506749294,"{""phase"": ""INSTRUCTIONS"", ""templates"": [""instructions/base-inst-j.html""], ""action"": ""Begin""}"
debugFzDBA:debugJ9ims,1,1467506752596,"{""phase"": ""INSTRUCTIONS"", ""indexOf"": 0, ""viewTime"": 3299, ""action"": ""FinishInstructions"", ""template"": ""instructions/base-inst-j.html""}"
debugFzDBA:debugJ9ims,2,1467506752599,"{""phase"": ""INSTRUCTIONS"", ""templates"": [""instructions/nbs-inst-2j.html"", ""instructions/inst-prac.html""], ""action"": ""Begin""}"
debugFzDBA:debugJ9ims,3,1467506753834,"{""phase"": ""INSTRUCTIONS"", ""indexOf"": 0, ""viewTime"": 1234, ""action"": ""NextPage"", ""template"": ""instructions/nbs-inst-2j.html""}"
debugFzDBA:debugJ9ims,4,1467506755765,"{""phase"": ""INSTRUCTIONS"", ""indexOf"": 1, ""viewTime"": 1930, ""action"": ""FinishInstructions"", ""template"": ""instructions/inst-prac.html""}"
debugFzDBA:debugJ9ims,5,1467506759775,"{""phase"": ""blocksetup"", ""task"": ""NBS2"", ""stimID"": [2, 2, 2, 1, 2, 2, 2, 1], ""block"": 1, ""letterID"": [0, 4, 3, 4, 2, 0, 1, 0]}"
debugFzDBA:debugJ9ims,6,1467506762526,"[""Main"", ""NBS2"", 1, 1, ""C"", ""nontarget"", 0, 2, ""nontarget"", 0, 250, true, 440, 1]"
debugFzDBA:debugJ9ims,7,1467506765278,"[""Main"", ""NBS2"", 1, 2, ""Q"", ""nontarget"", 4, 2, ""nontarget"", 0, 250, true, 546, 1]"
debugFzDBA:debugJ9ims,8,1467506768028,"[""Main"", ""NBS2"", 1, 3, ""P"", ""nontarget"", 3, 2, ""nontarget"", 0, 249, true, 650, 1]"
debugFzDBA:debugJ9ims,9,1467506770778,"[""Main"", ""NBS2"", 1, 4, ""Q"", ""target"", 4, 1, ""target"", 1, 250, true, 676, 1]"
debugFzDBA:debugJ9ims,10,1467506773529,"[""Main"", ""NBS2"", 1, 5, ""K"", ""nontarget"", 2, 2, ""nontarget"", 0, 251, true, 1133, 1]"
debugFzDBA:debugJ9ims,11,1467506776279,"[""Main"", ""NBS2"", 1, 6, ""C"", ""nontarget"", 0, 2, ""nontarget"", 0, 251, true, 1639, 1]"
debugFzDBA:debugJ9ims,12,1467506779030,"[""Main"", ""NBS2"", 1, 7, ""D"", ""nontarget"", 1, 2, ""nontarget"", 0, 250, true, 1344, 1]"
debugFzDBA:debugJ9ims,13,1467506781780,"[""Main"", ""NBS2"", 1, 8, ""C"", ""target"", 0, 1, ""target"", 1, 250, true, 1034, 1]"
debugFzDBA:debugJ9ims,14,1467506781781,"{""phase"": ""INSTRUCTIONS"", ""templates"": [""instructions/inst-interlude.html""], ""action"": ""Begin""}"
debugFzDBA:debugJ9ims,15,1467506787889,"{""phase"": ""INSTRUCTIONS"", ""indexOf"": 0, ""viewTime"": 6108, ""action"": ""FinishInstructions"", ""template"": ""instructions/inst-interlude.html""}"
debugFzDBA:debugJ9ims,16,1467506791894,"{""phase"": ""blocksetup"", ""task"": ""NBS2"", ""stimID"": [2, 2, 2, 2, 2, 1, 2, 2, 2, 2, 1, 2, 1, 2, 2, 1, 2, 2, 2, 1, 1, 1, 2, 2, 2, 1], ""block"": 1, ""letterID"": [4, 2, 3, 4, 6, 4, 5, 2, 3, 6, 3, 1, 3, 2, 1, 2, 2, 1, 4, 1, 4, 1, 2, 6, 1, 6]}"
debugFzDBA:debugJ9ims,17,1467506794644,"[""Main"", ""NBS2"", 1, 1, ""Q"", ""nontarget"", 4, 2, ""nontarget"", 0, 250, true, 545, 0]"
debugFzDBA:debugJ9ims,18,1467506797395,"[""Main"", ""NBS2"", 1, 2, ""K"", ""nontarget"", 2, 2, ""nontarget"", 0, 251, true, 483, 0]"
debugFzDBA:debugJ9ims,19,1467506800145,"[""Main"", ""NBS2"", 1, 3, ""P"", ""nontarget"", 3, 2, ""nontarget"", 0, 251, true, 532, 0]"
debugFzDBA:debugJ9ims,20,1467506802896,"[""Main"", ""NBS2"", 1, 4, ""Q"", ""nontarget"", 4, 2, ""target"", 1, 250, false, 911, 0]"
debugFzDBA:debugJ9ims,21,1467506805646,"[""Main"", ""NBS2"", 1, 5, ""V"", ""nontarget"", 6, 2, ""nontarget"", 0, 250, true, 720, 0]"
debugFzDBA:debugJ9ims,22,1467506808396,"[""Main"", ""NBS2"", 1, 6, ""Q"", ""target"", 4, 1, ""target"", 1, 250, true, 665, 0]"
debugFzDBA:debugJ9ims,23,1467506811147,"[""Main"", ""NBS2"", 1, 7, ""T"", ""nontarget"", 5, 2, ""nontarget"", 0, 251, true, 860, 0]"
debugFzDBA:debugJ9ims,24,1467506813897,"[""Main"", ""NBS2"", 1, 8, ""K"", ""nontarget"", 2, 2, ""nontarget"", 0, 249, true, 868, 0]"
debugFzDBA:debugJ9ims,25,1467506816649,"[""Main"", ""NBS2"", 1, 9, ""P"", ""nontarget"", 3, 2, ""nontarget"", 0, 252, true, 1055, 0]"
debugFzDBA:debugJ9ims,26,1467506819399,"[""Main"", ""NBS2"", 1, 10, ""V"", ""nontarget"", 6, 2, ""nontarget"", 0, 250, true, 1534, 0]"
debugFzDBA:debugJ9ims,27,1467506822149,"[""Main"", ""NBS2"", 1, 11, ""P"", ""target"", 3, 1, ""target"", 1, 251, true, 945, 0]"
debugFzDBA:debugJ9ims,28,1467506824900,"[""Main"", ""NBS2"", 1, 12, ""D"", ""nontarget"", 1, 2, ""nontarget"", 0, 251, true, 930, 0]"
debugFzDBA:debugJ9ims,29,1467506827651,"[""Main"", ""NBS2"", 1, 13, ""P"", ""target"", 3, 1, ""target"", 1, 252, true, 884, 0]"
debugFzDBA:debugJ9ims,30,1467506830401,"[""Main"", ""NBS2"", 1, 14, ""K"", ""nontarget"", 2, 2, ""nontarget"", 0, 250, true, 1124, 0]"
debugFzDBA:debugJ9ims,31,1467506833152,"[""Main"", ""NBS2"", 1, 15, ""D"", ""nontarget"", 1, 2, ""nontarget"", 0, 250, true, 1167, 0]"
debugFzDBA:debugJ9ims,32,1467506835902,"[""Main"", ""NBS2"", 1, 16, ""K"", ""target"", 2, 1, ""target"", 1, 250, true, 992, 0]"
debugFzDBA:debugJ9ims,33,1467506838653,"[""Main"", ""NBS2"", 1, 17, ""K"", ""nontarget"", 2, 2, ""nontarget"", 0, 251, true, 1578, 0]"
debugFzDBA:debugJ9ims,34,1467506841403,"[""Main"", ""NBS2"", 1, 18, ""D"", ""nontarget"", 1, 2, ""nontarget"", 0, 250, true, 1283, 0]"
debugFzDBA:debugJ9ims,35,1467506844154,"[""Main"", ""NBS2"", 1, 19, ""Q"", ""nontarget"", 4, 2, ""nontarget"", 0, 251, true, 1917, 0]"
debugFzDBA:debugJ9ims,36,1467506846904,"[""Main"", ""NBS2"", 1, 20, ""D"", ""target"", 1, 1, ""target"", 1, 251, true, 933, 0]"
debugFzDBA:debugJ9ims,37,1467506849655,"[""Main"", ""NBS2"", 1, 21, ""Q"", ""target"", 4, 1, ""target"", 1, 251, true, 2280, 0]"
debugFzDBA:debugJ9ims,38,1467506852406,"[""Main"", ""NBS2"", 1, 22, ""D"", ""target"", 1, 1, ""target"", 1, 251, true, 784, 0]"
debugFzDBA:debugJ9ims,39,1467506855156,"[""Main"", ""NBS2"", 1, 23, ""K"", ""nontarget"", 2, 2, ""nontarget"", 0, 250, true, 1082, 0]"
debugFzDBA:debugJ9ims,40,1467506857907,"[""Main"", ""NBS2"", 1, 24, ""V"", ""nontarget"", 6, 2, ""nontarget"", 0, 249, true, 874, 0]"
debugFzDBA:debugJ9ims,41,1467506860656,"[""Main"", ""NBS2"", 1, 25, ""D"", ""nontarget"", 1, 2, ""nontarget"", 0, 249, true, 1284, 0]"
debugFzDBA:debugJ9ims,42,1467506863407,"[""Main"", ""NBS2"", 1, 26, ""V"", ""target"", 6, 1, ""target"", 1, 252, true, 711, 0]"
debugFzDBA:debugJ9ims,43,1467506863407,"{""phase"": ""INSTRUCTIONS"", ""templates"": [""instructions/inst-interlude.html""], ""action"": ""Begin""}"
debugFzDBA:debugJ9ims,44,1467506867029,"{""phase"": ""INSTRUCTIONS"", ""indexOf"": 0, ""viewTime"": 3621, ""action"": ""FinishInstructions"", ""template"": ""instructions/inst-interlude.html""}"
debugFzDBA:debugJ9ims,45,1467506871030,"{""phase"": ""blocksetup"", ""task"": ""NBS2"", ""stimID"": [2, 2, 2, 2, 1, 2, 1, 2, 1, 2, 2, 1, 2, 1, 2, 1, 2, 2, 1, 2, 2, 2, 2, 1, 2, 2], ""block"": 1, ""letterID"": [4, 0, 5, 4, 5, 6, 5, 3, 5, 4, 3, 4, 1, 4, 0, 4, 6, 2, 6, 1, 1, 2, 2, 2, 6, 5]}"
debugFzDBA:debugJ9ims,46,1467506873782,"[""Main"", ""NBS2"", 1, 1, ""Q"", ""nontarget"", 4, 2, ""nontarget"", 0, 251, true, 793, 0]"
debugFzDBA:debugJ9ims,47,1467506876532,"[""Main"", ""NBS2"", 1, 2, ""C"", ""nontarget"", 0, 2, ""nontarget"", 0, 250, true, 585, 0]"
debugFzDBA:debugJ9ims,48,1467506879282,"[""Main"", ""NBS2"", 1, 3, ""T"", ""nontarget"", 5, 2, ""nontarget"", 0, 250, true, 660, 0]"
debugFzDBA:debugJ9ims,49,1467506882033,"[""Main"", ""NBS2"", 1, 4, ""Q"", ""nontarget"", 4, 2, ""nontarget"", 0, 249, true, 868, 0]"
debugFzDBA:debugJ9ims,50,1467506884783,"[""Main"", ""NBS2"", 1, 5, ""T"", ""target"", 5, 1, ""target"", 1, 250, true, 558, 0]"
debugFzDBA:debugJ9ims,51,1467506887534,"[""Main"", ""NBS2"", 1, 6, ""V"", ""nontarget"", 6, 2, ""nontarget"", 0, 250, true, 1799, 0]"
debugFzDBA:debugJ9ims,52,1467506890284,"[""Main"", ""NBS2"", 1, 7, ""T"", ""target"", 5, 1, ""target"", 1, 249, true, 977, 0]"
debugFzDBA:debugJ9ims,53,1467506893037,"[""Main"", ""NBS2"", 1, 8, ""P"", ""nontarget"", 3, 2, ""nontarget"", 0, 252, true, 707, 0]"
debugFzDBA:debugJ9ims,54,1467506895787,"[""Main"", ""NBS2"", 1, 9, ""T"", ""target"", 5, 1, ""target"", 1, 251, true, 907, 0]"
debugFzDBA:debugJ9ims,55,1467506898538,"[""Main"", ""NBS2"", 1, 10, ""Q"", ""nontarget"", 4, 2, ""nontarget"", 0, 251, true, 1220, 0]"
debugFzDBA:debugJ9ims,56,1467506901289,"[""Main"", ""NBS2"", 1, 11, ""P"", ""nontarget"", 3, 2, ""nontarget"", 0, 250, true, 1062, 0]"
debugFzDBA:debugJ9ims,57,1467506904039,"[""Main"", ""NBS2"", 1, 12, ""Q"", ""target"", 4, 1, ""target"", 1, 250, true, 1030, 0]"
debugFzDBA:debugJ9ims,58,1467506906791,"[""Main"", ""NBS2"", 1, 13, ""D"", ""nontarget"", 1, 2, ""nontarget"", 0, 251, true, 808, 0]"
debugFzDBA:debugJ9ims,59,1467506909541,"[""Main"", ""NBS2"", 1, 14, ""Q"", ""target"", 4, 1, ""target"", 1, 249, true, 1137, 0]"
debugFzDBA:debugJ9ims,60,1467506912291,"[""Main"", ""NBS2"", 1, 15, ""C"", ""nontarget"", 0, 2, ""nontarget"", 0, 251, true, 1339, 0]"
debugFzDBA:debugJ9ims,61,1467506915042,"[""Main"", ""NBS2"", 1, 16, ""Q"", ""target"", 4, 1, ""target"", 1, 249, true, 1019, 0]"
debugFzDBA:debugJ9ims,62,1467506917793,"[""Main"", ""NBS2"", 1, 17, ""V"", ""nontarget"", 6, 2, ""nontarget"", 0, 251, true, 1325, 0]"
debugFzDBA:debugJ9ims,63,1467506920544,"[""Main"", ""NBS2"", 1, 18, ""K"", ""nontarget"", 2, 2, ""nontarget"", 0, 251, true, 1222, 0]"
debugFzDBA:debugJ9ims,64,1467506923295,"[""Main"", ""NBS2"", 1, 19, ""V"", ""target"", 6, 1, ""target"", 1, 250, true, 1184, 0]"
debugFzDBA:debugJ9ims,65,1467506926046,"[""Main"", ""NBS2"", 1, 20, ""D"", ""nontarget"", 1, 2, ""nontarget"", 0, 250, true, 1776, 0]"
debugFzDBA:debugJ9ims,66,1467506928796,"[""Main"", ""NBS2"", 1, 21, ""D"", ""nontarget"", 1, 2, ""nontarget"", 0, 250, true, 1953, 0]"
debugFzDBA:debugJ9ims,67,1467506931546,"[""Main"", ""NBS2"", 1, 22, ""K"", ""nontarget"", 2, 2, ""target"", 1, 250, false, 1067, 0]"
debugFzDBA:debugJ9ims,68,1467506934296,"[""Main"", ""NBS2"", 1, 23, ""K"", ""nontarget"", 2, 2, ""nontarget"", 0, 251, true, 1245, 0]"
debugFzDBA:debugJ9ims,69,1467506937046,"[""Main"", ""NBS2"", 1, 24, ""K"", ""target"", 2, 1, ""target"", 1, 251, true, 799, 0]"
debugFzDBA:debugJ9ims,70,1467506939798,"[""Main"", ""NBS2"", 1, 25, ""V"", ""nontarget"", 6, 2, ""nontarget"", 0, 251, true, 928, 0]"
debugFzDBA:debugJ9ims,71,1467506942547,"[""Main"", ""NBS2"", 1, 26, ""T"", ""nontarget"", 5, 2, ""nontarget"", 0, 250, true, 1433, 0]"
debugFzDBA:debugJ9ims,72,1467506942548,"{""phase"": ""INSTRUCTIONS"", ""templates"": [""instructions/inst-interlude.html""], ""action"": ""Begin""}"
debugFzDBA:debugJ9ims,73,1467506944899,"{""phase"": ""INSTRUCTIONS"", ""indexOf"": 0, ""viewTime"": 2351, ""action"": ""FinishInstructions"", ""template"": ""instructions/inst-interlude.html""}"
debugFzDBA:debugJ9ims,74,1467506948902,"{""phase"": ""blocksetup"", ""task"": ""NBS2"", ""stimID"": [2, 2, 2, 1, 1, 2, 2, 2, 2, 1, 1, 2, 2, 2, 1, 2, 2, 2, 1, 2, 1, 1, 2, 2, 2, 2], ""block"": 1, ""letterID"": [2, 5, 6, 5, 6, 6, 2, 4, 3, 4, 3, 2, 6, 4, 6, 6, 4, 4, 4, 0, 4, 0, 2, 1, 4, 5]}"
debugFzDBA:debugJ9ims,75,1467506951652,"[""Main"", ""NBS2"", 1, 1, ""K"", ""nontarget"", 2, 2, ""nontarget"", 0, 250, true, 481, 0]"
debugFzDBA:debugJ9ims,76,1467506954404,"[""Main"", ""NBS2"", 1, 2, ""T"", ""nontarget"", 5, 2, ""nontarget"", 0, 249, true, 482, 0]"
debugFzDBA:debugJ9ims,77,1467506957154,"[""Main"", ""NBS2"", 1, 3, ""V"", ""nontarget"", 6, 2, ""nontarget"", 0, 250, true, 747, 0]"
debugFzDBA:debugJ9ims,78,1467506959904,"[""Main"", ""NBS2"", 1, 4, ""T"", ""target"", 5, 1, ""target"", 1, 249, true, 876, 0]"
debugFzDBA:debugJ9ims,79,1467506962655,"[""Main"", ""NBS2"", 1, 5, ""V"", ""target"", 6, 1, ""target"", 1, 250, true, 845, 0]"
debugFzDBA:debugJ9ims,80,1467506965405,"[""Main"", ""NBS2"", 1, 6, ""V"", ""nontarget"", 6, 2, ""nontarget"", 0, 251, true, 1856, 0]"
debugFzDBA:debugJ9ims,81,1467506968156,"[""Main"", ""NBS2"", 1, 7, ""K"", ""nontarget"", 2, 2, ""nontarget"", 0, 250, true, 1226, 0]"
debugFzDBA:debugJ9ims,82,1467506970906,"[""Main"", ""NBS2"", 1, 8, ""Q"", ""nontarget"", 4, 2, ""nontarget"", 0, 250, true, 994, 0]"
debugFzDBA:debugJ9ims,83,1467506973657,"[""Main"", ""NBS2"", 1, 9, ""P"", ""nontarget"", 3, 2, ""nontarget"", 0, 251, true, 1469, 0]"
debugFzDBA:debugJ9ims,84,1467506976407,"[""Main"", ""NBS2"", 1, 10, ""Q"", ""target"", 4, 1, ""target"", 1, 249, true, 718, 0]"
debugFzDBA:debugJ9ims,85,1467506979157,"[""Main"", ""NBS2"", 1, 11, ""P"", ""target"", 3, 1, ""target"", 1, 251, true, 1728, 0]"
debugFzDBA:debugJ9ims,86,1467506981908,"[""Main"", ""NBS2"", 1, 12, ""K"", ""nontarget"", 2, 2, ""nontarget"", 0, 251, true, 1954, 0]"
debugFzDBA:debugJ9ims,87,1467506984660,"[""Main"", ""NBS2"", 1, 13, ""V"", ""nontarget"", 6, 2, ""nontarget"", 0, 251, true, 1675, 0]"
debugFzDBA:debugJ9ims,88,1467506987410,"[""Main"", ""NBS2"", 1, 14, ""Q"", ""nontarget"", 4, 2, ""nontarget"", 0, 250, true, 1459, 0]"
debugFzDBA:debugJ9ims,89,1467506990160,"[""Main"", ""NBS2"", 1, 15, ""V"", ""target"", 6, 1, ""target"", 1, 251, true, 909, 0]"
debugFzDBA:debugJ9ims,90,1467506992911,"[""Main"", ""NBS2"", 1, 16, ""V"", ""nontarget"", 6, 2, ""nontarget"", 0, 251, true, 1479, 0]"
debugFzDBA:debugJ9ims,91,1467506995661,"[""Main"", ""NBS2"", 1, 17, ""Q"", ""nontarget"", 4, 2, ""nontarget"", 0, 250, true, 1375, 0]"
debugFzDBA:debugJ9ims,92,1467506998411,"[""Main"", ""NBS2"", 1, 18, ""Q"", ""nontarget"", 4, 2, ""nontarget"", 0, 250, true, 1074, 0]"
debugFzDBA:debugJ9ims,93,1467507001161,"[""Main"", ""NBS2"", 1, 19, ""Q"", ""target"", 4, 1, ""target"", 1, 250, true, 907, 0]"
debugFzDBA:debugJ9ims,94,1467507003912,"[""Main"", ""NBS2"", 1, 20, ""C"", ""nontarget"", 0, 2, ""nontarget"", 0, 252, true, 838, 0]"
debugFzDBA:debugJ9ims,95,1467507006663,"[""Main"", ""NBS2"", 1, 21, ""Q"", ""target"", 4, 1, ""target"", 1, 250, true, 1135, 0]"
debugFzDBA:debugJ9ims,96,1467507009413,"[""Main"", ""NBS2"", 1, 22, ""C"", ""target"", 0, 1, ""nontarget"", 0, 250, false, 1560, 0]"
debugFzDBA:debugJ9ims,97,1467507012165,"[""Main"", ""NBS2"", 1, 23, ""K"", ""nontarget"", 2, 2, ""nontarget"", 0, 250, true, 1554, 0]"
debugFzDBA:debugJ9ims,98,1467507014916,"[""Main"", ""NBS2"", 1, 24, ""D"", ""nontarget"", 1, 2, ""nontarget"", 0, 251, true, 786, 0]"
debugFzDBA:debugJ9ims,99,1467507017667,"[""Main"", ""NBS2"", 1, 25, ""Q"", ""nontarget"", 4, 2, ""nontarget"", 0, 250, true, 1635, 0]"
debugFzDBA:debugJ9ims,100,1467507020417,"[""Main"", ""NBS2"", 1, 26, ""T"", ""nontarget"", 5, 2, ""nontarget"", 0, 249, true, 1076, 0]"
debugFzDBA:debugJ9ims,101,1467507020417,"{""phase"": ""INSTRUCTIONS"", ""templates"": [""instructions/inst-interlude.html""], ""action"": ""Begin""}"
debugFzDBA:debugJ9ims,102,1467507023173,"{""phase"": ""INSTRUCTIONS"", ""indexOf"": 0, ""viewTime"": 2756, ""action"": ""FinishInstructions"", ""template"": ""instructions/inst-interlude.html""}"
debugFzDBA:debugJ9ims,103,1467507027176,"{""phase"": ""blocksetup"", ""task"": ""NBS2"", ""stimID"": [2, 2, 1, 2, 2, 1, 1, 1, 2, 1, 2, 2, 2, 2, 2, 2, 1, 2, 1, 1, 2, 2, 2, 2, 2, 2], ""block"": 1, ""letterID"": [3, 2, 3, 3, 2, 3, 2, 3, 1, 3, 3, 0, 0, 3, 5, 1, 5, 6, 5, 6, 2, 2, 4, 6, 1, 4]}"
debugFzDBA:debugJ9ims,104,1467507029926,"[""Main"", ""NBS2"", 1, 1, ""P"", ""nontarget"", 3, 2, ""nontarget"", 0, 250, true, 543, 0]"
debugFzDBA:debugJ9ims,105,1467507032676,"[""Main"", ""NBS2"", 1, 2, ""K"", ""nontarget"", 2, 2, ""nontarget"", 0, 250, true, 480, 0]"
debugFzDBA:debugJ9ims,106,1467507035427,"[""Main"", ""NBS2"", 1, 3, ""P"", ""target"", 3, 1, ""target"", 1, 251, true, 939, 0]"
debugFzDBA:debugJ9ims,107,1467507038178,"[""Main"", ""NBS2"", 1, 4, ""P"", ""nontarget"", 3, 2, ""nontarget"", 0, 251, true, 1468, 0]"
debugFzDBA:debugJ9ims,108,1467507040929,"[""Main"", ""NBS2"", 1, 5, ""K"", ""nontarget"", 2, 2, ""nontarget"", 0, 251, true, 1340, 0]"
debugFzDBA:debugJ9ims,109,1467507043678,"[""Main"", ""NBS2"", 1, 6, ""P"", ""target"", 3, 1, ""target"", 1, 250, true, 1821, 0]"
debugFzDBA:debugJ9ims,110,1467507046430,"[""Main"", ""NBS2"", 1, 7, ""K"", ""target"", 2, 1, ""target"", 1, 251, true, 1016, 0]"
debugFzDBA:debugJ9ims,111,1467507049182,"[""Main"", ""NBS2"", 1, 8, ""P"", ""target"", 3, 1, ""target"", 1, 250, true, 1703, 0]"
debugFzDBA:debugJ9ims,112,1467507051935,"[""Main"", ""NBS2"", 1, 9, ""D"", ""nontarget"", 1, 2, ""nontarget"", 0, 250, true, 1206, 0]"
debugFzDBA:debugJ9ims,113,1467507054687,"[""Main"", ""NBS2"", 1, 10, ""P"", ""target"", 3, 1, ""target"", 1, 251, true, 871, 0]"
debugFzDBA:debugJ9ims,114,1467507057436,"[""Main"", ""NBS2"", 1, 11, ""P"", ""nontarget"", 3, 2, ""nontarget"", 0, 249, true, 1432, 0]"
debugFzDBA:debugJ9ims,115,1467507060188,"[""Main"", ""NBS2"", 1, 12, ""C"", ""nontarget"", 0, 2, ""nontarget"", 0, 251, true, 1035, 0]"
debugFzDBA:debugJ9ims,116,1467507062938,"[""Main"", ""NBS2"", 1, 13, ""C"", ""nontarget"", 0, 2, ""nontarget"", 0, 249, true, 627, 0]"
debugFzDBA:debugJ9ims,117,1467507065687,"[""Main"", ""NBS2"", 1, 14, ""P"", ""nontarget"", 3, 2, ""nontarget"", 0, 249, true, 2117, 0]"
debugFzDBA:debugJ9ims,118,1467507068438,"[""Main"", ""NBS2"", 1, 15, ""T"", ""nontarget"", 5, 2, ""nontarget"", 0, 250, true, 1007, 0]"
debugFzDBA:debugJ9ims,119,1467507071188,"[""Main"", ""NBS2"", 1, 16, ""D"", ""nontarget"", 1, 2, ""nontarget"", 0, 251, true, 1121, 0]"
debugFzDBA:debugJ9ims,120,1467507073939,"[""Main"", ""NBS2"", 1, 17, ""T"", ""target"", 5, 1, ""target"", 1, 250, true, 833, 0]"
debugFzDBA:debugJ9ims,121,1467507076689,"[""Main"", ""NBS2"", 1, 18, ""V"", ""nontarget"", 6, 2, ""nontarget"", 0, 250, true, 1475, 0]"
debugFzDBA:debugJ9ims,122,1467507079439,"[""Main"", ""NBS2"", 1, 19, ""T"", ""target"", 5, 1, ""target"", 1, 251, true, 902, 0]"
debugFzDBA:debugJ9ims,123,1467507082191,"[""Main"", ""NBS2"", 1, 20, ""V"", ""target"", 6, 1, ""target"", 1, 251, true, 552, 0]"
debugFzDBA:debugJ9ims,124,1467507084941,"[""Main"", ""NBS2"", 1, 21, ""K"", ""nontarget"", 2, 2, ""nontarget"", 0, 249, true, 1223, 0]"
debugFzDBA:debugJ9ims,125,1467507087691,"[""Main"", ""NBS2"", 1, 22, ""K"", ""nontarget"", 2, 2, ""nontarget"", 0, 250, true, 1401, 0]"
debugFzDBA:debugJ9ims,126,1467507090441,"[""Main"", ""NBS2"", 1, 23, ""Q"", ""nontarget"", 4, 2, ""nontarget"", 0, 250, true, 1028, 0]"
debugFzDBA:debugJ9ims,127,1467507093191,"[""Main"", ""NBS2"", 1, 24, ""V"", ""nontarget"", 6, 2, ""nontarget"", 0, 249, true, 1189, 0]"
debugFzDBA:debugJ9ims,128,1467507095943,"[""Main"", ""NBS2"", 1, 25, ""D"", ""nontarget"", 1, 2, ""nontarget"", 0, 251, true, 1151, 0]"
debugFzDBA:debugJ9ims,129,1467507098693,"[""Main"", ""NBS2"", 1, 26, ""Q"", ""nontarget"", 4, 2, ""nontarget"", 0, 249, true, 672, 0]"
debugFzDBA:debugJ9ims,130,1467507098693,"{""phase"": ""INSTRUCTIONS"", ""templates"": [""instructions/inst-interlude.html""], ""action"": ""Begin""}"
debugFzDBA:debugJ9ims,131,1467507100855,"{""phase"": ""INSTRUCTIONS"", ""indexOf"": 0, ""viewTime"": 2161, ""action"": ""FinishInstructions"", ""template"": ""instructions/inst-interlude.html""}"
debugFzDBA:debugJ9ims,132,1467507104857,"{""phase"": ""blocksetup"", ""task"": ""NBS2"", ""stimID"": [2, 2, 2, 1, 2, 1, 2, 2, 2, 2, 2, 2, 2, 2, 2, 1, 2, 2, 1, 2, 1, 1, 1, 2, 1, 2], ""block"": 1, ""letterID"": [1, 6, 6, 6, 1, 6, 0, 4, 2, 1, 3, 6, 2, 5, 4, 5, 1, 1, 1, 6, 1, 6, 1, 4, 1, 1]}"
debugFzDBA:debugJ9ims,133,1467507107608,"[""Main"", ""NBS2"", 1, 1, ""D"", ""nontarget"", 1, 2, ""nontarget"", 0, 251, true, 413, 0]"
debugFzDBA:debugJ9ims,134,1467507110358,"[""Main"", ""NBS2"", 1, 2, ""V"", ""nontarget"", 6, 2, ""nontarget"", 0, 251, true, 375, 0]"
debugFzDBA:debugJ9ims,135,1467507113110,"[""Main"", ""NBS2"", 1, 3, ""V"", ""nontarget"", 6, 2, ""nontarget"", 0, 251, true, 1472, 0]"
debugFzDBA:debugJ9ims,136,1467507115860,"[""Main"", ""NBS2"", 1, 4, ""V"", ""target"", 6, 1, ""target"", 1, 250, true, 1040, 0]"
debugFzDBA:debugJ9ims,137,1467507118611,"[""Main"", ""NBS2"", 1, 5, ""D"", ""nontarget"", 1, 2, ""nontarget"", 0, 250, true, 570, 0]"
debugFzDBA:debugJ9ims,138,1467507121361,"[""Main"", ""NBS2"", 1, 6, ""V"", ""target"", 6, 1, ""target"", 1, 249, true, 1444, 0]"
debugFzDBA:debugJ9ims,139,1467507124112,"[""Main"", ""NBS2"", 1, 7, ""C"", ""nontarget"", 0, 2, ""nontarget"", 0, 250, true, 717, 0]"
debugFzDBA:debugJ9ims,140,1467507126862,"[""Main"", ""NBS2"", 1, 8, ""Q"", ""nontarget"", 4, 2, ""nontarget"", 0, 250, true, 1727, 0]"
debugFzDBA:debugJ9ims,141,1467507129613,"[""Main"", ""NBS2"", 1, 9, ""K"", ""nontarget"", 2, 2, ""nontarget"", 0, 251, true, 1136, 0]"
debugFzDBA:debugJ9ims,142,1467507132363,"[""Main"", ""NBS2"", 1, 10, ""D"", ""nontarget"", 1, 2, ""nontarget"", 0, 250, true, 1314, 0]"
debugFzDBA:debugJ9ims,143,1467507135114,"[""Main"", ""NBS2"", 1, 11, ""P"", ""nontarget"", 3, 2, ""nontarget"", 0, 251, true, 940, 0]"
debugFzDBA:debugJ9ims,144,1467507137864,"[""Main"", ""NBS2"", 1, 12, ""V"", ""nontarget"", 6, 2, ""nontarget"", 0, 251, true, 924, 0]"
debugFzDBA:debugJ9ims,145,1467507140616,"[""Main"", ""NBS2"", 1, 13, ""K"", ""nontarget"", 2, 2, ""nontarget"", 0, 250, true, 933, 0]"
debugFzDBA:debugJ9ims,146,1467507143366,"[""Main"", ""NBS2"", 1, 14, ""T"", ""nontarget"", 5, 2, ""nontarget"", 0, 250, true, 830, 0]"
debugFzDBA:debugJ9ims,147,1467507146118,"[""Main"", ""NBS2"", 1, 15, ""Q"", ""nontarget"", 4, 2, ""nontarget"", 0, 250, true, 871, 0]"
debugFzDBA:debugJ9ims,148,1467507148868,"[""Main"", ""NBS2"", 1, 16, ""T"", ""target"", 5, 1, ""target"", 1, 250, true, 904, 0]"
debugFzDBA:debugJ9ims,149,1467507151618,"[""Main"", ""NBS2"", 1, 17, ""D"", ""nontarget"", 1, 2, ""nontarget"", 0, 250, true, 1075, 0]"
debugFzDBA:debugJ9ims,150,1467507154369,"[""Main"", ""NBS2"", 1, 18, ""D"", ""nontarget"", 1, 2, ""nontarget"", 0, 250, true, 2340, 0]"
debugFzDBA:debugJ9ims,151,1467507157118,"[""Main"", ""NBS2"", 1, 19, ""D"", ""target"", 1, 1, ""target"", 1, 250, true, 765, 0]"
debugFzDBA:debugJ9ims,152,1467507159871,"[""Main"", ""NBS2"", 1, 20, ""V"", ""nontarget"", 6, 2, ""nontarget"", 0, 251, true, 751, 0]"
debugFzDBA:debugJ9ims,153,1467507162621,"[""Main"", ""NBS2"", 1, 21, ""D"", ""target"", 1, 1, ""target"", 1, 250, true, 1295, 0]"
debugFzDBA:debugJ9ims,154,1467507165372,"[""Main"", ""NBS2"", 1, 22, ""V"", ""target"", 6, 1, ""target"", 1, 251, true, 873, 0]"
debugFzDBA:debugJ9ims,155,1467507168122,"[""Main"", ""NBS2"", 1, 23, ""D"", ""target"", 1, 1, ""target"", 1, 250, true, 1627, 0]"
debugFzDBA:debugJ9ims,156,1467507170872,"[""Main"", ""NBS2"", 1, 24, ""Q"", ""nontarget"", 4, 2, ""nontarget"", 0, 250, true, 1620, 0]"
debugFzDBA:debugJ9ims,157,1467507173622,"[""Main"", ""NBS2"", 1, 25, ""D"", ""target"", 1, 1, ""target"", 1, 250, true, 1046, 0]"
debugFzDBA:debugJ9ims,158,1467507176373,"[""Main"", ""NBS2"", 1, 26, ""D"", ""nontarget"", 1, 2, ""nontarget"", 0, 251, true, 1368, 0]"
debugFzDBA:debugJ9ims,159,1467507176373,"{""phase"": ""INSTRUCTIONS"", ""templates"": [""instructions/nbs-inst-3j.html"", ""instructions/inst-prac.html""], ""action"": ""Begin""}"
debugFzDBA:debugJ9ims,160,1467507194871,"{""phase"": ""INSTRUCTIONS"", ""indexOf"": 0, ""viewTime"": 18497, ""action"": ""NextPage"", ""template"": ""instructions/nbs-inst-3j.html""}"
debugFzDBA:debugJ9ims,161,1467507197066,"{""phase"": ""INSTRUCTIONS"", ""indexOf"": 1, ""viewTime"": 2195, ""action"": ""FinishInstructions"", ""template"": ""instructions/inst-prac.html""}"
debugFzDBA:debugJ9ims,162,1467507201069,"{""phase"": ""blocksetup"", ""task"": ""NBS3"", ""stimID"": [2, 2, 2, 2, 2, 2, 1, 2, 1], ""block"": 1, ""letterID"": [1, 2, 1, 6, 5, 3, 6, 3, 3]}"
debugFzDBA:debugJ9ims,163,1467507203819,"[""Main"", ""NBS3"", 1, 1, ""D"", ""nontarget"", 1, 2, ""nontarget"", 0, 251, true, 440, 1]"
debugFzDBA:debugJ9ims,164,1467507206570,"[""Main"", ""NBS3"", 1, 2, ""K"", ""nontarget"", 2, 2, ""nontarget"", 0, 251, true, 483, 1]"
debugFzDBA:debugJ9ims,165,1467507209320,"[""Main"", ""NBS3"", 1, 3, ""D"", ""nontarget"", 1, 2, ""nontarget"", 0, 250, true, 821, 1]"
debugFzDBA:debugJ9ims,166,1467507212070,"[""Main"", ""NBS3"", 1, 4, ""V"", ""nontarget"", 6, 2, ""nontarget"", 0, 251, true, 1398, 1]"
debugFzDBA:debugJ9ims,167,1467507214821,"[""Main"", ""NBS3"", 1, 5, ""T"", ""nontarget"", 5, 2, ""nontarget"", 0, 250, true, 1518, 1]"
debugFzDBA:debugJ9ims,168,1467507217572,"[""Main"", ""NBS3"", 1, 6, ""P"", ""nontarget"", 3, 2, ""nontarget"", 0, 251, true, 2041, 1]"
debugFzDBA:debugJ9ims,169,1467507220322,"[""Main"", ""NBS3"", 1, 7, ""V"", ""target"", 6, 1, ""nontarget"", 0, 250, false, 1682, 1]"
debugFzDBA:debugJ9ims,170,1467507223073,"[""Main"", ""NBS3"", 1, 8, ""P"", ""nontarget"", 3, 2, ""nontarget"", 0, 250, true, 1500, 1]"
debugFzDBA:debugJ9ims,171,1467507225823,"[""Main"", ""NBS3"", 1, 9, ""P"", ""target"", 3, 1, ""target"", 1, 250, true, 1277, 1]"
debugFzDBA:debugJ9ims,172,1467507225823,"{""phase"": ""INSTRUCTIONS"", ""templates"": [""instructions/inst-interlude.html""], ""action"": ""Begin""}"
debugFzDBA:debugJ9ims,173,1467507228154,"{""phase"": ""INSTRUCTIONS"", ""indexOf"": 0, ""viewTime"": 2330, ""action"": ""FinishInstructions"", ""template"": ""instructions/inst-interlude.html""}"
debugFzDBA:debugJ9ims,174,1467507232157,"{""phase"": ""blocksetup"", ""task"": ""NBS3"", ""stimID"": [2, 2, 2, 2, 2, 2, 1, 1, 2, 1, 2, 1, 2, 2, 1, 2, 2, 2, 2, 2, 2, 2, 2, 2, 1, 1, 1], ""block"": 1, ""letterID"": [5, 2, 2, 4, 3, 4, 4, 3, 0, 4, 4, 0, 0, 5, 0, 1, 3, 5, 0, 0, 2, 3, 3, 3, 3, 3, 3]}"
debugFzDBA:debugJ9ims,175,1467507234907,"[""Main"", ""NBS3"", 1, 1, ""T"", ""nontarget"", 5, 2, ""nontarget"", 0, 250, true, 545, 0]"
debugFzDBA:debugJ9ims,176,1467507237658,"[""Main"", ""NBS3"", 1, 2, ""K"", ""nontarget"", 2, 2, ""nontarget"", 0, 251, true, 475, 0]"
debugFzDBA:debugJ9ims,177,1467507240409,"[""Main"", ""NBS3"", 1, 3, ""K"", ""nontarget"", 2, 2, ""nontarget"", 0, 250, true, 620, 0]"
debugFzDBA:debugJ9ims,178,1467507243159,"[""Main"", ""NBS3"", 1, 4, ""Q"", ""nontarget"", 4, 2, ""nontarget"", 0, 250, true, 853, 0]"
debugFzDBA:debugJ9ims,179,1467507245909,"[""Main"", ""NBS3"", 1, 5, ""P"", ""nontarget"", 3, 2, ""nontarget"", 0, 250, true, 823, 0]"
debugFzDBA:debugJ9ims,180,1467507248659,"[""Main"", ""NBS3"", 1, 6, ""Q"", ""nontarget"", 4, 2, ""nontarget"", 0, 251, true, 721, 0]"
debugFzDBA:debugJ9ims,181,1467507251410,"[""Main"", ""NBS3"", 1, 7, ""Q"", ""target"", 4, 1, ""target"", 1, 250, true, 577, 0]"
debugFzDBA:debugJ9ims,182,1467507254160,"[""Main"", ""NBS3"", 1, 8, ""P"", ""target"", 3, 1, ""target"", 1, 250, true, 1060, 0]"
debugFzDBA:debugJ9ims,183,1467507256911,"[""Main"", ""NBS3"", 1, 9, ""C"", ""nontarget"", 0, 2, ""nontarget"", 0, 251, true, 1662, 0]"
debugFzDBA:debugJ9ims,184,1467507259661,"[""Main"", ""NBS3"", 1, 10, ""Q"", ""target"", 4, 1, ""target"", 1, 250, true, 1087, 0]"
debugFzDBA:debugJ9ims,185,1467507262411,"[""Main"", ""NBS3"", 1, 11, ""Q"", ""nontarget"", 4, 2, ""nontarget"", 0, 251, true, 1176, 0]"
debugFzDBA:debugJ9ims,186,1467507265162,"[""Main"", ""NBS3"", 1, 12, ""C"", ""target"", 0, 1, ""nontarget"", 0, 251, false, 1650, 0]"
debugFzDBA:debugJ9ims,187,1467507267913,"[""Main"", ""NBS3"", 1, 13, ""C"", ""nontarget"", 0, 2, ""target"", 1, 250, false, 1531, 0]"
debugFzDBA:debugJ9ims,188,1467507270663,"[""Main"", ""NBS3"", 1, 14, ""T"", ""nontarget"", 5, 2, ""nontarget"", 0, 250, true, 1821, 0]"
debugFzDBA:debugJ9ims,189,1467507273414,"[""Main"", ""NBS3"", 1, 15, ""C"", ""target"", 0, 1, ""target"", 1, 250, true, 1655, 0]"
debugFzDBA:debugJ9ims,190,1467507276164,"[""Main"", ""NBS3"", 1, 16, ""D"", ""nontarget"", 1, 2, ""nontarget"", 0, 250, true, 736, 0]"
debugFzDBA:debugJ9ims,191,1467507278913,"[""Main"", ""NBS3"", 1, 17, ""P"", ""nontarget"", 3, 2, ""nontarget"", 0, 250, true, 722, 0]"
debugFzDBA:debugJ9ims,192,1467507281665,"[""Main"", ""NBS3"", 1, 18, ""T"", ""nontarget"", 5, 2, ""nontarget"", 0, 251, true, 1324, 0]"
debugFzDBA:debugJ9ims,193,1467507284415,"[""Main"", ""NBS3"", 1, 19, ""C"", ""nontarget"", 0, 2, ""nontarget"", 0, 251, true, 1084, 0]"
debugFzDBA:debugJ9ims,194,1467507287166,"[""Main"", ""NBS3"", 1, 20, ""C"", ""nontarget"", 0, 2, ""nontarget"", 0, 251, true, 663, 0]"
debugFzDBA:debugJ9ims,195,1467507289917,"[""Main"", ""NBS3"", 1, 21, ""K"", ""nontarget"", 2, 2, ""nontarget"", 0, 250, true, 672, 0]"
debugFzDBA:debugJ9ims,196,1467507292667,"[""Main"", ""NBS3"", 1, 22, ""P"", ""nontarget"", 3, 2, ""nontarget"", 0, 249, true, 696, 0]"
debugFzDBA:debugJ9ims,197,1467507295417,"[""Main"", ""NBS3"", 1, 23, ""P"", ""nontarget"", 3, 2, ""nontarget"", 0, 250, true, 1179, 0]"
debugFzDBA:debugJ9ims,198,1467507298167,"[""Main"", ""NBS3"", 1, 24, ""P"", ""nontarget"", 3, 2, ""nontarget"", 0, 250, true, 1660, 0]"
debugFzDBA:debugJ9ims,199,1467507300918,"[""Main"", ""NBS3"", 1, 25, ""P"", ""target"", 3, 1, ""target"", 1, 250, true, 791, 0]"
debugFzDBA:debugJ9ims,200,1467507303668,"[""Main"", ""NBS3"", 1, 26, ""P"", ""target"", 3, 1, ""target"", 1, 250, true, 583, 0]"
debugFzDBA:debugJ9ims,201,1467507306418,"[""Main"", ""NBS3"", 1, 27, ""P"", ""target"", 3, 1, ""target"", 1, 250, true, 489, 0]"
debugFzDBA:debugJ9ims,202,1467507306418,"{""phase"": ""INSTRUCTIONS"", ""templates"": [""instructions/inst-interlude.html""], ""action"": ""Begin""}"
debugFzDBA:debugJ9ims,203,1467507313283,"{""phase"": ""INSTRUCTIONS"", ""indexOf"": 0, ""viewTime"": 6864, ""action"": ""FinishInstructions"", ""template"": ""instructions/inst-interlude.html""}"
debugFzDBA:debugJ9ims,204,1467507317286,"{""phase"": ""blocksetup"", ""task"": ""NBS3"", ""stimID"": [2, 2, 2, 2, 2, 2, 1, 1, 2, 1, 2, 1, 2, 2, 2, 2, 2, 2, 1, 2, 2, 1, 1, 2, 2, 2, 1], ""block"": 1, ""letterID"": [6, 2, 5, 0, 4, 3, 0, 4, 4, 0, 1, 4, 3, 5, 5, 0, 3, 0, 0, 2, 1, 0, 2, 4, 3, 5, 4]}"
debugFzDBA:debugJ9ims,205,1467507320036,"[""Main"", ""NBS3"", 1, 1, ""V"", ""nontarget"", 6, 2, ""nontarget"", 0, 250, true, 503, 0]"
debugFzDBA:debugJ9ims,206,1467507322786,"[""Main"", ""NBS3"", 1, 2, ""K"", ""nontarget"", 2, 2, ""nontarget"", 0, 251, true, 521, 0]"
debugFzDBA:debugJ9ims,207,1467507325537,"[""Main"", ""NBS3"", 1, 3, ""T"", ""nontarget"", 5, 2, ""nontarget"", 0, 251, true, 404, 0]"
debugFzDBA:debugJ9ims,208,1467507328288,"[""Main"", ""NBS3"", 1, 4, ""C"", ""nontarget"", 0, 2, ""nontarget"", 0, 251, true, 1084, 0]"
debugFzDBA:debugJ9ims,209,1467507331038,"[""Main"", ""NBS3"", 1, 5, ""Q"", ""nontarget"", 4, 2, ""nontarget"", 0, 250, true, 1286, 0]"
debugFzDBA:debugJ9ims,210,1467507333789,"[""Main"", ""NBS3"", 1, 6, ""P"", ""nontarget"", 3, 2, ""nontarget"", 0, 250, true, 943, 0]"
debugFzDBA:debugJ9ims,211,1467507336539,"[""Main"", ""NBS3"", 1, 7, ""C"", ""target"", 0, 1, ""target"", 1, 250, true, 873, 0]"
debugFzDBA:debugJ9ims,212,1467507339289,"[""Main"", ""NBS3"", 1, 8, ""Q"", ""target"", 4, 1, ""target"", 1, 250, true, 1194, 0]"
debugFzDBA:debugJ9ims,213,1467507342040,"[""Main"", ""NBS3"", 1, 9, ""Q"", ""nontarget"", 4, 2, ""nontarget"", 0, 250, true, 1100, 0]"
debugFzDBA:debugJ9ims,214,1467507344790,"[""Main"", ""NBS3"", 1, 10, ""C"", ""target"", 0, 1, ""target"", 1, 250, true, 901, 0]"
debugFzDBA:debugJ9ims,215,1467507347540,"[""Main"", ""NBS3"", 1, 11, ""D"", ""nontarget"", 1, 2, ""nontarget"", 0, 250, true, 1656, 0]"
debugFzDBA:debugJ9ims,216,1467507350291,"[""Main"", ""NBS3"", 1, 12, ""Q"", ""target"", 4, 1, ""target"", 1, 250, true, 1137, 0]"
debugFzDBA:debugJ9ims,217,1467507353041,"[""Main"", ""NBS3"", 1, 13, ""P"", ""nontarget"", 3, 2, ""nontarget"", 0, 249, true, 1898, 0]"
debugFzDBA:debugJ9ims,218,1467507355791,"[""Main"", ""NBS3"", 1, 14, ""T"", ""nontarget"", 5, 2, ""nontarget"", 0, 250, true, 1156, 0]"
debugFzDBA:debugJ9ims,219,1467507358541,"[""Main"", ""NBS3"", 1, 15, ""T"", ""nontarget"", 5, 2, ""nontarget"", 0, 250, true, 878, 0]"
debugFzDBA:debugJ9ims,220,1467507361291,"[""Main"", ""NBS3"", 1, 16, ""C"", ""nontarget"", 0, 2, ""nontarget"", 0, 251, true, 1112, 0]"
debugFzDBA:debugJ9ims,221,1467507364042,"[""Main"", ""NBS3"", 1, 17, ""P"", ""nontarget"", 3, 2, ""nontarget"", 0, 250, true, 1602, 0]"
debugFzDBA:debugJ9ims,222,1467507366793,"[""Main"", ""NBS3"", 1, 18, ""C"", ""nontarget"", 0, 2, ""target"", 1, 251, false, 955, 0]"
debugFzDBA:debugJ9ims,223,1467507369544,"[""Main"", ""NBS3"", 1, 19, ""C"", ""target"", 0, 1, ""nontarget"", 0, 251, false, 812, 0]"
debugFzDBA:debugJ9ims,224,1467507372294,"[""Main"", ""NBS3"", 1, 20, ""K"", ""nontarget"", 2, 2, ""nontarget"", 0, 251, true, 598, 0]"
debugFzDBA:debugJ9ims,225,1467507375044,"[""Main"", ""NBS3"", 1, 21, ""D"", ""nontarget"", 1, 2, ""nontarget"", 0, 251, true, 543, 0]"
debugFzDBA:debugJ9ims,226,1467507377795,"[""Main"", ""NBS3"", 1, 22, ""C"", ""target"", 0, 1, ""target"", 1, 249, true, 1049, 0]"
debugFzDBA:debugJ9ims,227,1467507380545,"[""Main"", ""NBS3"", 1, 23, ""K"", ""target"", 2, 1, ""target"", 1, 251, true, 891, 0]"
debugFzDBA:debugJ9ims,228,1467507383296,"[""Main"", ""NBS3"", 1, 24, ""Q"", ""nontarget"", 4, 2, ""nontarget"", 0, 251, true, 1540, 0]"
debugFzDBA:debugJ9ims,229,1467507386047,"[""Main"", ""NBS3"", 1, 25, ""P"", ""nontarget"", 3, 2, ""nontarget"", 0, 250, true, 1405, 0]"
debugFzDBA:debugJ9ims,230,1467507388797,"[""Main"", ""NBS3"", 1, 26, ""T"", ""nontarget"", 5, 2, ""nontarget"", 0, 250, true, 1806, 0]"
debugFzDBA:debugJ9ims,231,1467507391547,"[""Main"", ""NBS3"", 1, 27, ""Q"", ""target"", 4, 1, ""target"", 1, 250, true, 1352, 0]"
debugFzDBA:debugJ9ims,232,1467507391547,"{""phase"": ""INSTRUCTIONS"", ""templates"": [""instructions/inst-interlude.html""], ""action"": ""Begin""}"
debugFzDBA:debugJ9ims,233,1467507394498,"{""phase"": ""INSTRUCTIONS"", ""indexOf"": 0, ""viewTime"": 2950, ""action"": ""FinishInstructions"", ""template"": ""instructions/inst-interlude.html""}"
debugFzDBA:debugJ9ims,234,1467507398500,"{""phase"": ""blocksetup"", ""task"": ""NBS3"", ""stimID"": [2, 2, 2, 1, 1, 2, 1, 1, 2, 2, 2, 2, 2, 2, 1, 1, 2, 2, 2, 2, 2, 2, 2, 2, 1, 2, 1], ""block"": 1, ""letterID"": [3, 6, 1, 3, 6, 4, 3, 6, 1, 4, 2, 6, 5, 3, 6, 5, 0, 1, 6, 1, 2, 0, 4, 1, 0, 6, 1]}"
debugFzDBA:debugJ9ims,235,1467507401251,"[""Main"", ""NBS3"", 1, 1, ""P"", ""nontarget"", 3, 2, ""nontarget"", 0, 251, true, 425, 0]"
debugFzDBA:debugJ9ims,236,1467507404002,"[""Main"", ""NBS3"", 1, 2, ""V"", ""nontarget"", 6, 2, ""nontarget"", 0, 250, true, 379, 0]"
debugFzDBA:debugJ9ims,237,1467507406752,"[""Main"", ""NBS3"", 1, 3, ""D"", ""nontarget"", 1, 2, ""nontarget"", 0, 250, true, 451, 0]"
debugFzDBA:debugJ9ims,238,1467507409503,"[""Main"", ""NBS3"", 1, 4, ""P"", ""target"", 3, 1, ""target"", 1, 251, true, 789, 0]"
debugFzDBA:debugJ9ims,239,1467507412254,"[""Main"", ""NBS3"", 1, 5, ""V"", ""target"", 6, 1, ""target"", 1, 250, true, 670, 0]"
debugFzDBA:debugJ9ims,240,1467507415004,"[""Main"", ""NBS3"", 1, 6, ""Q"", ""nontarget"", 4, 2, ""nontarget"", 0, 250, true, 887, 0]"
debugFzDBA:debugJ9ims,241,1467507417755,"[""Main"", ""NBS3"", 1, 7, ""P"", ""target"", 3, 1, ""target"", 1, 250, true, 481, 0]"
debugFzDBA:debugJ9ims,242,1467507420505,"[""Main"", ""NBS3"", 1, 8, ""V"", ""target"", 6, 1, ""target"", 1, 250, true, 1610, 0]"
debugFzDBA:debugJ9ims,243,1467507423255,"[""Main"", ""NBS3"", 1, 9, ""D"", ""nontarget"", 1, 2, ""nontarget"", 0, 250, true, 1004, 0]"
debugFzDBA:debugJ9ims,244,1467507426007,"[""Main"", ""NBS3"", 1, 10, ""Q"", ""nontarget"", 4, 2, ""nontarget"", 0, 251, true, 1366, 0]"
debugFzDBA:debugJ9ims,245,1467507428757,"[""Main"", ""NBS3"", 1, 11, ""K"", ""nontarget"", 2, 2, ""target"", 1, 250, false, 1790, 0]"
debugFzDBA:debugJ9ims,246,1467507431508,"[""Main"", ""NBS3"", 1, 12, ""V"", ""nontarget"", 6, 2, ""target"", 1, 251, false, 1008, 0]"
debugFzDBA:debugJ9ims,247,1467507434258,"[""Main"", ""NBS3"", 1, 13, ""T"", ""nontarget"", 5, 2, ""nontarget"", 0, 250, true, 793, 0]"
debugFzDBA:debugJ9ims,248,1467507437008,"[""Main"", ""NBS3"", 1, 14, ""P"", ""nontarget"", 3, 2, ""nontarget"", 0, 250, true, 1003, 0]"
debugFzDBA:debugJ9ims,249,1467507439758,"[""Main"", ""NBS3"", 1, 15, ""V"", ""target"", 6, 1, ""target"", 1, 251, true, 885, 0]"
debugFzDBA:debugJ9ims,250,1467507442508,"[""Main"", ""NBS3"", 1, 16, ""T"", ""target"", 5, 1, ""nontarget"", 0, 251, false, 479, 0]"
debugFzDBA:debugJ9ims,251,1467507445259,"[""Main"", ""NBS3"", 1, 17, ""C"", ""nontarget"", 0, 2, ""nontarget"", 0, 251, true, 393, 0]"
debugFzDBA:debugJ9ims,252,1467507448010,"[""Main"", ""NBS3"", 1, 18, ""D"", ""nontarget"", 1, 2, ""nontarget"", 0, 251, true, 555, 0]"
debugFzDBA:debugJ9ims,253,1467507450761,"[""Main"", ""NBS3"", 1, 19, ""V"", ""nontarget"", 6, 2, ""nontarget"", 0, 250, true, 867, 0]"
debugFzDBA:debugJ9ims,254,1467507453511,"[""Main"", ""NBS3"", 1, 20, ""D"", ""nontarget"", 1, 2, ""nontarget"", 0, 250, true, 1555, 0]"
debugFzDBA:debugJ9ims,255,1467507456262,"[""Main"", ""NBS3"", 1, 21, ""K"", ""nontarget"", 2, 2, ""nontarget"", 0, 250, true, 1710, 0]"
debugFzDBA:debugJ9ims,256,1467507459012,"[""Main"", ""NBS3"", 1, 22, ""C"", ""nontarget"", 0, 2, ""nontarget"", 0, 250, true, 1423, 0]"
debugFzDBA:debugJ9ims,257,1467507461762,"[""Main"", ""NBS3"", 1, 23, ""Q"", ""nontarget"", 4, 2, ""nontarget"", 0, 251, true, 705, 0]"
debugFzDBA:debugJ9ims,258,1467507464513,"[""Main"", ""NBS3"", 1, 24, ""D"", ""nontarget"", 1, 2, ""nontarget"", 0, 250, true, 859, 0]"
debugFzDBA:debugJ9ims,259,1467507467263,"[""Main"", ""NBS3"", 1, 25, ""C"", ""target"", 0, 1, ""nontarget"", 0, 250, false, 948, 0]"
debugFzDBA:debugJ9ims,260,1467507470015,"[""Main"", ""NBS3"", 1, 26, ""V"", ""nontarget"", 6, 2, ""nontarget"", 0, 251, true, 1430, 0]"
debugFzDBA:debugJ9ims,261,1467507472765,"[""Main"", ""NBS3"", 1, 27, ""D"", ""target"", 1, 1, ""nontarget"", 0, 251, false, 638, 0]"
debugFzDBA:debugJ9ims,262,1467507472765,"{""phase"": ""INSTRUCTIONS"", ""templates"": [""instructions/inst-interlude.html""], ""action"": ""Begin""}"
debugFzDBA:debugJ9ims,263,1467507475729,"{""phase"": ""INSTRUCTIONS"", ""indexOf"": 0, ""viewTime"": 2963, ""action"": ""FinishInstructions"", ""template"": ""instructions/inst-interlude.html""}"
debugFzDBA:debugJ9ims,264,1467507479732,"{""phase"": ""blocksetup"", ""task"": ""NBS3"", ""stimID"": [2, 2, 2, 2, 2, 2, 1, 1, 2, 1, 1, 1, 2, 1, 2, 2, 2, 2, 2, 2, 2, 1, 1, 2, 2, 2, 2], ""block"": 1, ""letterID"": [1, 3, 4, 0, 0, 2, 0, 0, 4, 0, 0, 4, 2, 0, 0, 4, 5, 2, 1, 1, 5, 1, 1, 3, 6, 6, 1]}"
debugFzDBA:debugJ9ims,265,1467507482483,"[""Main"", ""NBS3"", 1, 1, ""D"", ""nontarget"", 1, 2, ""nontarget"", 0, 250, true, 497, 0]"
debugFzDBA:debugJ9ims,266,1467507485233,"[""Main"", ""NBS3"", 1, 2, ""P"", ""nontarget"", 3, 2, ""nontarget"", 0, 249, true, 322, 0]"
debugFzDBA:debugJ9ims,267,1467507487982,"[""Main"", ""NBS3"", 1, 3, ""Q"", ""nontarget"", 4, 2, ""nontarget"", 0, 250, true, 444, 0]"
debugFzDBA:debugJ9ims,268,1467507490734,"[""Main"", ""NBS3"", 1, 4, ""C"", ""nontarget"", 0, 2, ""nontarget"", 0, 251, true, 607, 0]"
debugFzDBA:debugJ9ims,269,1467507493484,"[""Main"", ""NBS3"", 1, 5, ""C"", ""nontarget"", 0, 2, ""nontarget"", 0, 249, true, 1367, 0]"
debugFzDBA:debugJ9ims,270,1467507496234,"[""Main"", ""NBS3"", 1, 6, ""K"", ""nontarget"", 2, 2, ""nontarget"", 0, 250, true, 776, 0]"
debugFzDBA:debugJ9ims,271,1467507498985,"[""Main"", ""NBS3"", 1, 7, ""C"", ""target"", 0, 1, ""target"", 1, 250, true, 586, 0]"
debugFzDBA:debugJ9ims,272,1467507501735,"[""Main"", ""NBS3"", 1, 8, ""C"", ""target"", 0, 1, ""target"", 1, 250, true, 516, 0]"
debugFzDBA:debugJ9ims,273,1467507504486,"[""Main"", ""NBS3"", 1, 9, ""Q"", ""nontarget"", 4, 2, ""nontarget"", 0, 249, true, 565, 0]"
debugFzDBA:debugJ9ims,274,1467507507236,"[""Main"", ""NBS3"", 1, 10, ""C"", ""target"", 0, 1, ""target"", 1, 250, true, 879, 0]"
debugFzDBA:debugJ9ims,275,1467507509986,"[""Main"", ""NBS3"", 1, 11, ""C"", ""target"", 0, 1, ""target"", 1, 250, true, 761, 0]"
debugFzDBA:debugJ9ims,276,1467507512737,"[""Main"", ""NBS3"", 1, 12, ""Q"", ""target"", 4, 1, ""target"", 1, 251, true, 658, 0]"
debugFzDBA:debugJ9ims,277,1467507515487,"[""Main"", ""NBS3"", 1, 13, ""K"", ""nontarget"", 2, 2, ""nontarget"", 0, 250, true, 1243, 0]"
debugFzDBA:debugJ9ims,278,1467507518237,"[""Main"", ""NBS3"", 1, 14, ""C"", ""target"", 0, 1, ""target"", 1, 250, true, 757, 0]"
debugFzDBA:debugJ9ims,279,1467507520988,"[""Main"", ""NBS3"", 1, 15, ""C"", ""nontarget"", 0, 2, ""target"", 1, 251, false, 1655, 0]"
debugFzDBA:debugJ9ims,280,1467507523738,"[""Main"", ""NBS3"", 1, 16, ""Q"", ""nontarget"", 4, 2, ""target"", 1, 250, false, 1137, 0]"
debugFzDBA:debugJ9ims,281,1467507526489,"[""Main"", ""NBS3"", 1, 17, ""T"", ""nontarget"", 5, 2, ""nontarget"", 0, 250, true, 866, 0]"
debugFzDBA:debugJ9ims,282,1467507529239,"[""Main"", ""NBS3"", 1, 18, ""K"", ""nontarget"", 2, 2, ""nontarget"", 0, 250, true, 1748, 0]"
debugFzDBA:debugJ9ims,283,1467507531990,"[""Main"", ""NBS3"", 1, 19, ""D"", ""nontarget"", 1, 2, ""nontarget"", 0, 251, true, 1206, 0]"
debugFzDBA:debugJ9ims,284,1467507534740,"[""Main"", ""NBS3"", 1, 20, ""D"", ""nontarget"", 1, 2, ""nontarget"", 0, 250, true, 830, 0]"
debugFzDBA:debugJ9ims,285,1467507537491,"[""Main"", ""NBS3"", 1, 21, ""T"", ""nontarget"", 5, 2, ""nontarget"", 0, 251, true, 585, 0]"
debugFzDBA:debugJ9ims,286,1467507540241,"[""Main"", ""NBS3"", 1, 22, ""D"", ""target"", 1, 1, ""target"", 1, 250, true, 521, 0]"
debugFzDBA:debugJ9ims,287,1467507542991,"[""Main"", ""NBS3"", 1, 23, ""D"", ""target"", 1, 1, ""target"", 1, 250, true, 531, 0]"
debugFzDBA:debugJ9ims,288,1467507545742,"[""Main"", ""NBS3"", 1, 24, ""P"", ""nontarget"", 3, 2, ""nontarget"", 0, 249, true, 1116, 0]"
debugFzDBA:debugJ9ims,289,1467507548492,"[""Main"", ""NBS3"", 1, 25, ""V"", ""nontarget"", 6, 2, ""nontarget"", 0, 250, true, 935, 0]"
debugFzDBA:debugJ9ims,290,1467507551243,"[""Main"", ""NBS3"", 1, 26, ""V"", ""nontarget"", 6, 2, ""nontarget"", 0, 251, true, 481, 0]"
debugFzDBA:debugJ9ims,291,1467507553993,"[""Main"", ""NBS3"", 1, 27, ""D"", ""nontarget"", 1, 2, ""nontarget"", 0, 250, true, 346, 0]"
debugFzDBA:debugJ9ims,292,1467507553993,"{""phase"": ""INSTRUCTIONS"", ""templates"": [""instructions/inst-interlude.html""], ""action"": ""Begin""}"
debugFzDBA:debugJ9ims,293,1467507623374,"{""phase"": ""INSTRUCTIONS"", ""indexOf"": 0, ""viewTime"": 69380, ""action"": ""FinishInstructions"", ""template"": ""instructions/inst-interlude.html""}"
debugFzDBA:debugJ9ims,294,1467507627376,"{""phase"": ""blocksetup"", ""task"": ""NBS3"", ""stimID"": [2, 2, 2, 1, 1, 1, 1, 2, 2, 2, 2, 2, 2, 2, 2, 1, 1, 2, 2, 2, 1, 2, 2, 1, 2, 2, 2], ""block"": 1, ""letterID"": [4, 1, 2, 4, 1, 2, 4, 4, 5, 6, 5, 3, 3, 3, 6, 3, 3, 0, 1, 1, 0, 0, 5, 0, 2, 6, 3]}"
debugFzDBA:debugJ9ims,295,1467507630127,"[""Main"", ""NBS3"", 1, 1, ""Q"", ""nontarget"", 4, 2, ""nontarget"", 0, 251, true, 524, 0]"
debugFzDBA:debugJ9ims,296,1467507632877,"[""Main"", ""NBS3"", 1, 2, ""D"", ""nontarget"", 1, 2, ""nontarget"", 0, 250, true, 389, 0]"
debugFzDBA:debugJ9ims,297,1467507635628,"[""Main"", ""NBS3"", 1, 3, ""K"", ""nontarget"", 2, 2, ""nontarget"", 0, 250, true, 447, 0]"
debugFzDBA:debugJ9ims,298,1467507638378,"[""Main"", ""NBS3"", 1, 4, ""Q"", ""target"", 4, 1, ""nontarget"", 0, 250, false, 504, 0]"
debugFzDBA:debugJ9ims,299,1467507641128,"[""Main"", ""NBS3"", 1, 5, ""D"", ""target"", 1, 1, ""target"", 1, 250, true, 882, 0]"
debugFzDBA:debugJ9ims,300,1467507643878,"[""Main"", ""NBS3"", 1, 6, ""K"", ""target"", 2, 1, ""target"", 1, 250, true, 804, 0]"
debugFzDBA:debugJ9ims,301,1467507646629,"[""Main"", ""NBS3"", 1, 7, ""Q"", ""target"", 4, 1, ""nontarget"", 0, 251, false, 1350, 0]"
debugFzDBA:debugJ9ims,302,1467507649378,"[""Main"", ""NBS3"", 1, 8, ""Q"", ""nontarget"", 4, 2, ""target"", 1, 250, false, 919, 0]"
debugFzDBA:debugJ9ims,303,1467507652130,"[""Main"", ""NBS3"", 1, 9, ""T"", ""nontarget"", 5, 2, ""nontarget"", 0, 251, true, 1201, 0]"
debugFzDBA:debugJ9ims,304,1467507654880,"[""Main"", ""NBS3"", 1, 10, ""V"", ""nontarget"", 6, 2, ""nontarget"", 0, 250, true, 739, 0]"
debugFzDBA:debugJ9ims,305,1467507657631,"[""Main"", ""NBS3"", 1, 11, ""T"", ""nontarget"", 5, 2, ""nontarget"", 0, 251, true, 1364, 0]"
debugFzDBA:debugJ9ims,306,1467507660382,"[""Main"", ""NBS3"", 1, 12, ""P"", ""nontarget"", 3, 2, ""nontarget"", 0, 250, true, 957, 0]"
debugFzDBA:debugJ9ims,307,1467507663132,"[""Main"", ""NBS3"", 1, 13, ""P"", ""nontarget"", 3, 2, ""nontarget"", 0, 250, true, 582, 0]"
debugFzDBA:debugJ9ims,308,1467507665882,"[""Main"", ""NBS3"", 1, 14, ""P"", ""nontarget"", 3, 2, ""nontarget"", 0, 250, true, 1152, 0]"
debugFzDBA:debugJ9ims,309,1467507668632,"[""Main"", ""NBS3"", 1, 15, ""V"", ""nontarget"", 6, 2, ""nontarget"", 0, 251, true, 1394, 0]"
debugFzDBA:debugJ9ims,310,1467507671384,"[""Main"", ""NBS3"", 1, 16, ""P"", ""target"", 3, 1, ""target"", 1, 250, true, 779, 0]"
debugFzDBA:debugJ9ims,311,1467507674134,"[""Main"", ""NBS3"", 1, 17, ""P"", ""target"", 3, 1, ""target"", 1, 250, true, 676, 0]"
debugFzDBA:debugJ9ims,312,1467507676884,"[""Main"", ""NBS3"", 1, 18, ""C"", ""nontarget"", 0, 2, ""nontarget"", 0, 250, true, 1110, 0]"
debugFzDBA:debugJ9ims,313,1467507679635,"[""Main"", ""NBS3"", 1, 19, ""D"", ""nontarget"", 1, 2, ""nontarget"", 0, 250, true, 903, 0]"
debugFzDBA:debugJ9ims,314,1467507682386,"[""Main"", ""NBS3"", 1, 20, ""D"", ""nontarget"", 1, 2, ""nontarget"", 0, 251, true, 1105, 0]"
debugFzDBA:debugJ9ims,315,1467507685137,"[""Main"", ""NBS3"", 1, 21, ""C"", ""target"", 0, 1, ""nontarget"", 0, 250, false, 1321, 0]"
debugFzDBA:debugJ9ims,316,1467507687887,"[""Main"", ""NBS3"", 1, 22, ""C"", ""nontarget"", 0, 2, ""nontarget"", 0, 250, true, 1451, 0]"
debugFzDBA:debugJ9ims,317,1467507690638,"[""Main"", ""NBS3"", 1, 23, ""T"", ""nontarget"", 5, 2, ""nontarget"", 0, 250, true, 638, 0]"
debugFzDBA:debugJ9ims,318,1467507693387,"[""Main"", ""NBS3"", 1, 24, ""C"", ""target"", 0, 1, ""target"", 1, 250, true, 1086, 0]"
debugFzDBA:debugJ9ims,319,1467507696139,"[""Main"", ""NBS3"", 1, 25, ""K"", ""nontarget"", 2, 2, ""nontarget"", 0, 251, true, 1024, 0]"
debugFzDBA:debugJ9ims,320,1467507698888,"[""Main"", ""NBS3"", 1, 26, ""V"", ""nontarget"", 6, 2, ""nontarget"", 0, 250, true, 545, 0]"
debugFzDBA:debugJ9ims,321,1467507701640,"[""Main"", ""NBS3"", 1, 27, ""P"", ""nontarget"", 3, 2, ""nontarget"", 0, 250, true, 643, 0]"
debugFzDBA:debugJ9ims,322,1467507701640,"{""phase"": ""INSTRUCTIONS"", ""templates"": [""instructions/cpt-inst-j.html"", ""instructions/inst-prac.html""], ""action"": ""Begin""}"
debugFzDBA:debugJ9ims,323,1467507900299,"{""phase"": ""INSTRUCTIONS"", ""indexOf"": 0, ""viewTime"": 198659, ""action"": ""NextPage"", ""template"": ""instructions/cpt-inst-j.html""}"
debugFzDBA:debugJ9ims,324,1467507901660,"{""phase"": ""INSTRUCTIONS"", ""indexOf"": 1, ""viewTime"": 1360, ""action"": ""FinishInstructions"", ""template"": ""instructions/inst-prac.html""}"
debugFzDBA:debugJ9ims,325,1467507905667,"{""task"": ""CPT"", ""stimID"": [1, 1, 4, 3, 2, 1, 1, 1, 1, 1], ""letterID1"": [0, 0, 19, 7, 0, 0, 0, 0, 0, 0], ""letterID2"": [1, 1, 7, 1, 6, 1, 1, 1, 1, 1], ""phase"": ""blocksetup"", ""block"": 1}"
debugFzDBA:debugJ9ims,326,1467507906918,"[""Main"", ""CPT"", 1, 1, 1, ""A"", ""nontarget"", 0, 1, ""nontarget"", 0, 251, true, 416, 1]"
debugFzDBA:debugJ9ims,327,1467507908169,"[""Main"", ""CPT"", 1, 1, 2, ""X"", ""target"", 1, 1, ""target"", 1, 250, true, 445, 1]"
debugFzDBA:debugJ9ims,328,1467507909420,"[""Main"", ""CPT"", 1, 2, 1, ""A"", ""nontarget"", 0, 1, ""nontarget"", 0, 250, true, 346, 1]"
debugFzDBA:debugJ9ims,329,1467507910670,"[""Main"", ""CPT"", 1, 2, 2, ""X"", ""target"", 1, 1, ""target"", 1, 250, true, 351, 1]"
debugFzDBA:debugJ9ims,330,1467507911920,"[""Main"", ""CPT"", 1, 3, 1, ""T"", ""nontarget"", 19, 4, ""nontarget"", 0, 250, true, 357, 1]"
debugFzDBA:debugJ9ims,331,1467507913171,"[""Main"", ""CPT"", 1, 3, 2, ""G"", ""target"", 7, 4, ""nontarget"", 0, 250, false, 379, 1]"
debugFzDBA:debugJ9ims,332,1467507914421,"[""Main"", ""CPT"", 1, 4, 1, ""G"", ""nontarget"", 7, 3, ""nontarget"", 0, 250, true, 352, 1]"
debugFzDBA:debugJ9ims,333,1467507915672,"[""Main"", ""CPT"", 1, 4, 2, ""X"", ""target"", 1, 3, ""nontarget"", 0, 250, false, 326, 1]"
debugFzDBA:debugJ9ims,334,1467507916921,"[""Main"", ""CPT"", 1, 5, 1, ""A"", ""nontarget"", 0, 2, ""nontarget"", 0, 250, true, 315, 1]"
debugFzDBA:debugJ9ims,335,1467507918172,"[""Main"", ""CPT"", 1, 5, 2, ""F"", ""target"", 6, 2, ""nontarget"", 0, 251, false, 434, 1]"
debugFzDBA:debugJ9ims,336,1467507919423,"[""Main"", ""CPT"", 1, 6, 1, ""A"", ""nontarget"", 0, 1, ""nontarget"", 0, 249, true, 397, 1]"
debugFzDBA:debugJ9ims,337,1467507920673,"[""Main"", ""CPT"", 1, 6, 2, ""X"", ""target"", 1, 1, ""target"", 1, 250, true, 364, 1]"
debugFzDBA:debugJ9ims,338,1467507921924,"[""Main"", ""CPT"", 1, 7, 1, ""A"", ""nontarget"", 0, 1, ""nontarget"", 0, 250, true, 298, 1]"
debugFzDBA:debugJ9ims,339,1467507923174,"[""Main"", ""CPT"", 1, 7, 2, ""X"", ""target"", 1, 1, ""target"", 1, 249, true, 335, 1]"
debugFzDBA:debugJ9ims,340,1467507924424,"[""Main"", ""CPT"", 1, 8, 1, ""A"", ""nontarget"", 0, 1, ""nontarget"", 0, 250, true, 382, 1]"
debugFzDBA:debugJ9ims,341,1467507925675,"[""Main"", ""CPT"", 1, 8, 2, ""X"", ""target"", 1, 1, ""target"", 1, 250, true, 363, 1]"
debugFzDBA:debugJ9ims,342,1467507926926,"[""Main"", ""CPT"", 1, 9, 1, ""A"", ""nontarget"", 0, 1, ""nontarget"", 0, 251, true, 408, 1]"
debugFzDBA:debugJ9ims,343,1467507928176,"[""Main"", ""CPT"", 1, 9, 2, ""X"", ""target"", 1, 1, ""target"", 1, 250, true, 325, 1]"
debugFzDBA:debugJ9ims,344,1467507929427,"[""Main"", ""CPT"", 1, 10, 1, ""A"", ""nontarget"", 0, 1, ""nontarget"", 0, 251, true, 356, 1]"
debugFzDBA:debugJ9ims,345,1467507930676,"[""Main"", ""CPT"", 1, 10, 2, ""X"", ""target"", 1, 1, ""target"", 1, 250, true, 336, 1]"
debugFzDBA:debugJ9ims,346,1467507930677,"{""phase"": ""INSTRUCTIONS"", ""templates"": [""instructions/inst-interlude.html""], ""action"": ""Begin""}"
debugFzDBA:debugJ9ims,347,1467507933288,"{""phase"": ""INSTRUCTIONS"", ""indexOf"": 0, ""viewTime"": 2611, ""action"": ""FinishInstructions"", ""template"": ""instructions/inst-interlude.html""}"
debugFzDBA:debugJ9ims,348,1467507937291,"{""task"": ""CPT"", ""stimID"": [1, 2, 4, 1, 3, 3, 4, 1, 3, 1, 1, 1, 1, 1, 1, 4, 1, 1, 1, 3, 1, 1, 1, 1, 1, 1, 1, 1, 1, 4, 1, 1, 4, 2, 1, 1, 2, 1, 1, 4, 2, 1, 1, 1, 1, 1, 1, 1, 1, 1, 1, 1, 1, 1, 1, 2, 3, 2, 1, 3], ""letterID1"": [0, 0, 10, 0, 10, 23, 13, 0, 8, 0, 0, 0, 0, 0, 0, 6, 0, 0, 0, 13, 0, 0, 0, 0, 0, 0, 0, 0, 0, 20, 0, 0, 13, 0, 0, 0, 0, 0, 0, 4, 0, 0, 0, 0, 0, 0, 0, 0, 0, 0, 0, 0, 0, 0, 0, 0, 12, 0, 0, 2], ""letterID2"": [1, 23, 7, 1, 1, 1, 5, 1, 1, 1, 1, 1, 1, 1, 1, 21, 1, 1, 1, 1, 1, 1, 1, 1, 1, 1, 1, 1, 1, 3, 1, 1, 16, 17, 1, 1, 18, 1, 1, 20, 12, 1, 1, 1, 1, 1, 1, 1, 1, 1, 1, 1, 1, 1, 1, 2, 1, 13, 1, 1], ""phase"": ""blocksetup"", ""block"": 1}"
debugFzDBA:debugJ9ims,349,1467507938541,"[""Main"", ""CPT"", 1, 1, 1, ""A"", ""nontarget"", 0, 1, ""nontarget"", 0, 251, true, 448, 0]"
debugFzDBA:debugJ9ims,350,1467507939793,"[""Main"", ""CPT"", 1, 1, 2, ""X"", ""target"", 1, 1, ""target"", 1, 252, true, 382, 0]"
debugFzDBA:debugJ9ims,351,1467507941043,"[""Main"", ""CPT"", 1, 2, 1, ""A"", ""nontarget"", 0, 2, ""nontarget"", 0, 250, true, 322, 0]"
debugFzDBA:debugJ9ims,352,1467507942294,"[""Main"", ""CPT"", 1, 2, 2, ""Z"", ""target"", 23, 2, ""nontarget"", 0, 250, false, 496, 0]"
debugFzDBA:debugJ9ims,353,1467507943545,"[""Main"", ""CPT"", 1, 3, 1, ""J"", ""nontarget"", 10, 4, ""nontarget"", 0, 251, true, 493, 0]"
debugFzDBA:debugJ9ims,354,1467507944796,"[""Main"", ""CPT"", 1, 3, 2, ""G"", ""target"", 7, 4, ""nontarget"", 0, 251, false, 305, 0]"
debugFzDBA:debugJ9ims,355,1467507946046,"[""Main"", ""CPT"", 1, 4, 1, ""A"", ""nontarget"", 0, 1, ""nontarget"", 0, 251, true, 335, 0]"
debugFzDBA:debugJ9ims,356,1467507947299,"[""Main"", ""CPT"", 1, 4, 2, ""X"", ""target"", 1, 1, ""target"", 1, 250, true, 403, 0]"
debugFzDBA:debugJ9ims,357,1467507948549,"[""Main"", ""CPT"", 1, 5, 1, ""J"", ""nontarget"", 10, 3, ""nontarget"", 0, 250, true, 344, 0]"
debugFzDBA:debugJ9ims,358,1467507949799,"[""Main"", ""CPT"", 1, 5, 2, ""X"", ""target"", 1, 3, ""nontarget"", 0, 250, false, 334, 0]"
debugFzDBA:debugJ9ims,359,1467507951049,"[""Main"", ""CPT"", 1, 6, 1, ""Z"", ""nontarget"", 23, 3, ""nontarget"", 0, 250, true, 348, 0]"
debugFzDBA:debugJ9ims,360,1467507952301,"[""Main"", ""CPT"", 1, 6, 2, ""X"", ""target"", 1, 3, ""nontarget"", 0, 250, false, 514, 0]"
debugFzDBA:debugJ9ims,361,1467507953551,"[""Main"", ""CPT"", 1, 7, 1, ""N"", ""nontarget"", 13, 4, ""nontarget"", 0, 250, true, 375, 0]"
debugFzDBA:debugJ9ims,362,1467507954801,"[""Main"", ""CPT"", 1, 7, 2, ""E"", ""target"", 5, 4, ""nontarget"", 0, 251, false, 349, 0]"
debugFzDBA:debugJ9ims,363,1467507956052,"[""Main"", ""CPT"", 1, 8, 1, ""A"", ""nontarget"", 0, 1, ""nontarget"", 0, 251, true, 315, 0]"
debugFzDBA:debugJ9ims,364,1467507957302,"[""Main"", ""CPT"", 1, 8, 2, ""X"", ""target"", 1, 1, ""target"", 1, 250, true, 336, 0]"
debugFzDBA:debugJ9ims,365,1467507958552,"[""Main"", ""CPT"", 1, 9, 1, ""H"", ""nontarget"", 8, 3, ""nontarget"", 0, 250, true, 334, 0]"
debugFzDBA:debugJ9ims,366,1467507959802,"[""Main"", ""CPT"", 1, 9, 2, ""X"", ""target"", 1, 3, ""nontarget"", 0, 249, false, 330, 0]"
debugFzDBA:debugJ9ims,367,1467507961053,"[""Main"", ""CPT"", 1, 10, 1, ""A"", ""nontarget"", 0, 1, ""nontarget"", 0, 250, true, 305, 0]"
debugFzDBA:debugJ9ims,368,1467507962303,"[""Main"", ""CPT"", 1, 10, 2, ""X"", ""target"", 1, 1, ""target"", 1, 250, true, 311, 0]"
debugFzDBA:debugJ9ims,369,1467507963554,"[""Main"", ""CPT"", 1, 11, 1, ""A"", ""nontarget"", 0, 1, ""nontarget"", 0, 251, true, 269, 0]"
debugFzDBA:debugJ9ims,370,1467507964804,"[""Main"", ""CPT"", 1, 11, 2, ""X"", ""target"", 1, 1, ""target"", 1, 250, true, 273, 0]"
debugFzDBA:debugJ9ims,371,1467507966054,"[""Main"", ""CPT"", 1, 12, 1, ""A"", ""nontarget"", 0, 1, ""nontarget"", 0, 251, true, 320, 0]"
debugFzDBA:debugJ9ims,372,1467507967305,"[""Main"", ""CPT"", 1, 12, 2, ""X"", ""target"", 1, 1, ""target"", 1, 251, true, 294, 0]"
debugFzDBA:debugJ9ims,373,1467507968556,"[""Main"", ""CPT"", 1, 13, 1, ""A"", ""nontarget"", 0, 1, ""nontarget"", 0, 251, true, 267, 0]"
debugFzDBA:debugJ9ims,374,1467507969806,"[""Main"", ""CPT"", 1, 13, 2, ""X"", ""target"", 1, 1, ""target"", 1, 250, true, 319, 0]"
debugFzDBA:debugJ9ims,375,1467507971056,"[""Main"", ""CPT"", 1, 14, 1, ""A"", ""nontarget"", 0, 1, ""nontarget"", 0, 250, true, 294, 0]"
debugFzDBA:debugJ9ims,376,1467507972307,"[""Main"", ""CPT"", 1, 14, 2, ""X"", ""target"", 1, 1, ""target"", 1, 250, true, 355, 0]"
debugFzDBA:debugJ9ims,377,1467507973557,"[""Main"", ""CPT"", 1, 15, 1, ""A"", ""nontarget"", 0, 1, ""nontarget"", 0, 249, true, 361, 0]"
debugFzDBA:debugJ9ims,378,1467507974807,"[""Main"", ""CPT"", 1, 15, 2, ""X"", ""target"", 1, 1, ""target"", 1, 250, true, 336, 0]"
debugFzDBA:debugJ9ims,379,1467507976057,"[""Main"", ""CPT"", 1, 16, 1, ""F"", ""nontarget"", 6, 4, ""nontarget"", 0, 250, true, 341, 0]"
debugFzDBA:debugJ9ims,380,1467507977308,"[""Main"", ""CPT"", 1, 16, 2, ""V"", ""target"", 21, 4, ""nontarget"", 0, 251, false, 355, 0]"
debugFzDBA:debugJ9ims,381,1467507978558,"[""Main"", ""CPT"", 1, 17, 1, ""A"", ""nontarget"", 0, 1, ""nontarget"", 0, 250, true, 304, 0]"
debugFzDBA:debugJ9ims,382,1467507979808,"[""Main"", ""CPT"", 1, 17, 2, ""X"", ""target"", 1, 1, ""target"", 1, 251, true, 310, 0]"
debugFzDBA:debugJ9ims,383,1467507981059,"[""Main"", ""CPT"", 1, 18, 1, ""A"", ""nontarget"", 0, 1, ""nontarget"", 0, 251, true, 308, 0]"
debugFzDBA:debugJ9ims,384,1467507982309,"[""Main"", ""CPT"", 1, 18, 2, ""X"", ""target"", 1, 1, ""target"", 1, 250, true, 289, 0]"
debugFzDBA:debugJ9ims,385,1467507983559,"[""Main"", ""CPT"", 1, 19, 1, ""A"", ""nontarget"", 0, 1, ""nontarget"", 0, 251, true, 240, 0]"
debugFzDBA:debugJ9ims,386,1467507984810,"[""Main"", ""CPT"", 1, 19, 2, ""X"", ""target"", 1, 1, ""target"", 1, 251, true, 293, 0]"
debugFzDBA:debugJ9ims,387,1467507986060,"[""Main"", ""CPT"", 1, 20, 1, ""N"", ""nontarget"", 13, 3, ""nontarget"", 0, 250, true, 314, 0]"
debugFzDBA:debugJ9ims,388,1467507987310,"[""Main"", ""CPT"", 1, 20, 2, ""X"", ""target"", 1, 3, ""nontarget"", 0, 250, false, 255, 0]"
debugFzDBA:debugJ9ims,389,1467507988561,"[""Main"", ""CPT"", 1, 21, 1, ""A"", ""nontarget"", 0, 1, ""nontarget"", 0, 250, true, 286, 0]"
debugFzDBA:debugJ9ims,390,1467507989811,"[""Main"", ""CPT"", 1, 21, 2, ""X"", ""target"", 1, 1, ""target"", 1, 250, true, 426, 0]"
debugFzDBA:debugJ9ims,391,1467507991062,"[""Main"", ""CPT"", 1, 22, 1, ""A"", ""nontarget"", 0, 1, ""nontarget"", 0, 250, true, 313, 0]"
debugFzDBA:debugJ9ims,392,1467507992312,"[""Main"", ""CPT"", 1, 22, 2, ""X"", ""target"", 1, 1, ""target"", 1, 249, true, 318, 0]"
debugFzDBA:debugJ9ims,393,1467507993562,"[""Main"", ""CPT"", 1, 23, 1, ""A"", ""nontarget"", 0, 1, ""nontarget"", 0, 250, true, 292, 0]"
debugFzDBA:debugJ9ims,394,1467507994812,"[""Main"", ""CPT"", 1, 23, 2, ""X"", ""target"", 1, 1, ""target"", 1, 250, true, 273, 0]"
debugFzDBA:debugJ9ims,395,1467507996063,"[""Main"", ""CPT"", 1, 24, 1, ""A"", ""nontarget"", 0, 1, ""nontarget"", 0, 251, true, 223, 0]"
debugFzDBA:debugJ9ims,396,1467507997313,"[""Main"", ""CPT"", 1, 24, 2, ""X"", ""target"", 1, 1, ""target"", 1, 250, true, 292, 0]"
debugFzDBA:debugJ9ims,397,1467507998565,"[""Main"", ""CPT"", 1, 25, 1, ""A"", ""nontarget"", 0, 1, ""nontarget"", 0, 251, true, 314, 0]"
debugFzDBA:debugJ9ims,398,1467507999816,"[""Main"", ""CPT"", 1, 25, 2, ""X"", ""target"", 1, 1, ""nontarget"", 0, 250, false, 375, 0]"
debugFzDBA:debugJ9ims,399,1467508001067,"[""Main"", ""CPT"", 1, 26, 1, ""A"", ""nontarget"", 0, 1, ""nontarget"", 0, 251, true, 292, 0]"
debugFzDBA:debugJ9ims,400,1467508002317,"[""Main"", ""CPT"", 1, 26, 2, ""X"", ""target"", 1, 1, ""target"", 1, 250, true, 313, 0]"
debugFzDBA:debugJ9ims,401,1467508003568,"[""Main"", ""CPT"", 1, 27, 1, ""A"", ""nontarget"", 0, 1, ""nontarget"", 0, 250, true, 278, 0]"
debugFzDBA:debugJ9ims,402,1467508004818,"[""Main"", ""CPT"", 1, 27, 2, ""X"", ""target"", 1, 1, ""target"", 1, 249, true, 291, 0]"
debugFzDBA:debugJ9ims,403,1467508006068,"[""Main"", ""CPT"", 1, 28, 1, ""A"", ""nontarget"", 0, 1, ""nontarget"", 0, 250, true, 338, 0]"
debugFzDBA:debugJ9ims,404,1467508007318,"[""Main"", ""CPT"", 1, 28, 2, ""X"", ""target"", 1, 1, ""target"", 1, 250, true, 312, 0]"
debugFzDBA:debugJ9ims,405,1467508008569,"[""Main"", ""CPT"", 1, 29, 1, ""A"", ""nontarget"", 0, 1, ""nontarget"", 0, 251, true, 278, 0]"
debugFzDBA:debugJ9ims,406,1467508009820,"[""Main"", ""CPT"", 1, 29, 2, ""X"", ""target"", 1, 1, ""target"", 1, 250, true, 299, 0]"
debugFzDBA:debugJ9ims,407,1467508011071,"[""Main"", ""CPT"", 1, 30, 1, ""U"", ""nontarget"", 20, 4, ""nontarget"", 0, 250, true, 271, 0]"
debugFzDBA:debugJ9ims,408,1467508012319,"[""Main"", ""CPT"", 1, 30, 2, ""C"", ""target"", 3, 4, ""nontarget"", 0, 250, false, 252, 0]"
debugFzDBA:debugJ9ims,409,1467508013570,"[""Main"", ""CPT"", 1, 31, 1, ""A"", ""nontarget"", 0, 1, ""nontarget"", 0, 250, true, 259, 0]"
debugFzDBA:debugJ9ims,410,1467508014820,"[""Main"", ""CPT"", 1, 31, 2, ""X"", ""target"", 1, 1, ""target"", 1, 251, true, 289, 0]"
debugFzDBA:debugJ9ims,411,1467508016070,"[""Main"", ""CPT"", 1, 32, 1, ""A"", ""nontarget"", 0, 1, ""nontarget"", 0, 251, true, 247, 0]"
debugFzDBA:debugJ9ims,412,1467508017322,"[""Main"", ""CPT"", 1, 32, 2, ""X"", ""target"", 1, 1, ""target"", 1, 250, true, 332, 0]"
debugFzDBA:debugJ9ims,413,1467508018572,"[""Main"", ""CPT"", 1, 33, 1, ""N"", ""nontarget"", 13, 4, ""nontarget"", 0, 250, true, 361, 0]"
debugFzDBA:debugJ9ims,414,1467508019822,"[""Main"", ""CPT"", 1, 33, 2, ""Q"", ""target"", 16, 4, ""nontarget"", 0, 250, false, 358, 0]"
debugFzDBA:debugJ9ims,415,1467508021072,"[""Main"", ""CPT"", 1, 34, 1, ""A"", ""nontarget"", 0, 2, ""nontarget"", 0, 251, true, 373, 0]"
debugFzDBA:debugJ9ims,416,1467508022325,"[""Main"", ""CPT"", 1, 34, 2, ""R"", ""target"", 17, 2, ""nontarget"", 0, 251, false, 370, 0]"
debugFzDBA:debugJ9ims,417,1467508023577,"[""Main"", ""CPT"", 1, 35, 1, ""A"", ""nontarget"", 0, 1, ""nontarget"", 0, 251, true, 372, 0]"
debugFzDBA:debugJ9ims,418,1467508024829,"[""Main"", ""CPT"", 1, 35, 2, ""X"", ""target"", 1, 1, ""target"", 1, 251, true, 305, 0]"
debugFzDBA:debugJ9ims,419,1467508026079,"[""Main"", ""CPT"", 1, 36, 1, ""A"", ""nontarget"", 0, 1, ""nontarget"", 0, 250, true, 222, 0]"
debugFzDBA:debugJ9ims,420,1467508027329,"[""Main"", ""CPT"", 1, 36, 2, ""X"", ""target"", 1, 1, ""target"", 1, 250, true, 292, 0]"
debugFzDBA:debugJ9ims,421,1467508028580,"[""Main"", ""CPT"", 1, 37, 1, ""A"", ""nontarget"", 0, 2, ""nontarget"", 0, 250, true, 290, 0]"
debugFzDBA:debugJ9ims,422,1467508029831,"[""Main"", ""CPT"", 1, 37, 2, ""S"", ""target"", 18, 2, ""target"", 1, 250, true, 262, 0]"
debugFzDBA:debugJ9ims,423,1467508031080,"[""Main"", ""CPT"", 1, 38, 1, ""A"", ""nontarget"", 0, 1, ""nontarget"", 0, 249, true, 235, 0]"
debugFzDBA:debugJ9ims,424,1467508032331,"[""Main"", ""CPT"", 1, 38, 2, ""X"", ""target"", 1, 1, ""target"", 1, 252, true, 330, 0]"
debugFzDBA:debugJ9ims,425,1467508033582,"[""Main"", ""CPT"", 1, 39, 1, ""A"", ""nontarget"", 0, 1, ""nontarget"", 0, 251, true, 287, 0]"
debugFzDBA:debugJ9ims,426,1467508034832,"[""Main"", ""CPT"", 1, 39, 2, ""X"", ""target"", 1, 1, ""target"", 1, 250, true, 307, 0]"
debugFzDBA:debugJ9ims,427,1467508036083,"[""Main"", ""CPT"", 1, 40, 1, ""D"", ""nontarget"", 4, 4, ""nontarget"", 0, 250, true, 257, 0]"
debugFzDBA:debugJ9ims,428,1467508037333,"[""Main"", ""CPT"", 1, 40, 2, ""U"", ""target"", 20, 4, ""nontarget"", 0, 250, false, 296, 0]"
debugFzDBA:debugJ9ims,429,1467508038583,"[""Main"", ""CPT"", 1, 41, 1, ""A"", ""nontarget"", 0, 2, ""nontarget"", 0, 250, true, 245, 0]"
debugFzDBA:debugJ9ims,430,1467508039835,"[""Main"", ""CPT"", 1, 41, 2, ""M"", ""target"", 12, 2, ""nontarget"", 0, 250, false, 443, 0]"
debugFzDBA:debugJ9ims,431,1467508041085,"[""Main"", ""CPT"", 1, 42, 1, ""A"", ""nontarget"", 0, 1, ""nontarget"", 0, 250, true, 303, 0]"
debugFzDBA:debugJ9ims,432,1467508042336,"[""Main"", ""CPT"", 1, 42, 2, ""X"", ""target"", 1, 1, ""target"", 1, 251, true, 325, 0]"
debugFzDBA:debugJ9ims,433,1467508043586,"[""Main"", ""CPT"", 1, 43, 1, ""A"", ""nontarget"", 0, 1, ""nontarget"", 0, 250, true, 226, 0]"
debugFzDBA:debugJ9ims,434,1467508044837,"[""Main"", ""CPT"", 1, 43, 2, ""X"", ""target"", 1, 1, ""target"", 1, 249, true, 416, 0]"
debugFzDBA:debugJ9ims,435,1467508046087,"[""Main"", ""CPT"", 1, 44, 1, ""A"", ""nontarget"", 0, 1, ""nontarget"", 0, 249, true, 334, 0]"
debugFzDBA:debugJ9ims,436,1467508047338,"[""Main"", ""CPT"", 1, 44, 2, ""X"", ""target"", 1, 1, ""target"", 1, 251, true, 299, 0]"
debugFzDBA:debugJ9ims,437,1467508048588,"[""Main"", ""CPT"", 1, 45, 1, ""A"", ""nontarget"", 0, 1, ""nontarget"", 0, 250, true, 265, 0]"
debugFzDBA:debugJ9ims,438,1467508049838,"[""Main"", ""CPT"", 1, 45, 2, ""X"", ""target"", 1, 1, ""target"", 1, 251, true, 318, 0]"
debugFzDBA:debugJ9ims,439,1467508051089,"[""Main"", ""CPT"", 1, 46, 1, ""A"", ""nontarget"", 0, 1, ""nontarget"", 0, 251, true, 285, 0]"
debugFzDBA:debugJ9ims,440,1467508052339,"[""Main"", ""CPT"", 1, 46, 2, ""X"", ""target"", 1, 1, ""target"", 1, 251, true, 313, 0]"
debugFzDBA:debugJ9ims,441,1467508053589,"[""Main"", ""CPT"", 1, 47, 1, ""A"", ""nontarget"", 0, 1, ""nontarget"", 0, 250, true, 240, 0]"
debugFzDBA:debugJ9ims,442,1467508054840,"[""Main"", ""CPT"", 1, 47, 2, ""X"", ""target"", 1, 1, ""target"", 1, 251, true, 349, 0]"
debugFzDBA:debugJ9ims,443,1467508056091,"[""Main"", ""CPT"", 1, 48, 1, ""A"", ""nontarget"", 0, 1, ""nontarget"", 0, 251, true, 345, 0]"
debugFzDBA:debugJ9ims,444,1467508057342,"[""Main"", ""CPT"", 1, 48, 2, ""X"", ""target"", 1, 1, ""target"", 1, 250, true, 335, 0]"
debugFzDBA:debugJ9ims,445,1467508058592,"[""Main"", ""CPT"", 1, 49, 1, ""A"", ""nontarget"", 0, 1, ""nontarget"", 0, 250, true, 277, 0]"
debugFzDBA:debugJ9ims,446,1467508059843,"[""Main"", ""CPT"", 1, 49, 2, ""X"", ""target"", 1, 1, ""target"", 1, 250, true, 314, 0]"
debugFzDBA:debugJ9ims,447,1467508061093,"[""Main"", ""CPT"", 1, 50, 1, ""A"", ""nontarget"", 0, 1, ""nontarget"", 0, 249, true, 255, 0]"
debugFzDBA:debugJ9ims,448,1467508062344,"[""Main"", ""CPT"", 1, 50, 2, ""X"", ""target"", 1, 1, ""target"", 1, 250, true, 318, 0]"
debugFzDBA:debugJ9ims,449,1467508063594,"[""Main"", ""CPT"", 1, 51, 1, ""A"", ""nontarget"", 0, 1, ""nontarget"", 0, 249, true, 274, 0]"
debugFzDBA:debugJ9ims,450,1467508064844,"[""Main"", ""CPT"", 1, 51, 2, ""X"", ""target"", 1, 1, ""target"", 1, 250, true, 313, 0]"
debugFzDBA:debugJ9ims,451,1467508066095,"[""Main"", ""CPT"", 1, 52, 1, ""A"", ""nontarget"", 0, 1, ""nontarget"", 0, 250, true, 245, 0]"
debugFzDBA:debugJ9ims,452,1467508067345,"[""Main"", ""CPT"", 1, 52, 2, ""X"", ""target"", 1, 1, ""target"", 1, 250, true, 251, 0]"
debugFzDBA:debugJ9ims,453,1467508068596,"[""Main"", ""CPT"", 1, 53, 1, ""A"", ""nontarget"", 0, 1, ""nontarget"", 0, 249, true, 104, 0]"
debugFzDBA:debugJ9ims,454,1467508069846,"[""Main"", ""CPT"", 1, 53, 2, ""X"", ""target"", 1, 1, ""target"", 1, 250, true, 303, 0]"
debugFzDBA:debugJ9ims,455,1467508071096,"[""Main"", ""CPT"", 1, 54, 1, ""A"", ""nontarget"", 0, 1, ""nontarget"", 0, 250, true, 204, 0]"
debugFzDBA:debugJ9ims,456,1467508072348,"[""Main"", ""CPT"", 1, 54, 2, ""X"", ""target"", 1, 1, ""target"", 1, 251, true, 323, 0]"
debugFzDBA:debugJ9ims,457,1467508073597,"[""Main"", ""CPT"", 1, 55, 1, ""A"", ""nontarget"", 0, 1, ""nontarget"", 0, 250, true, 255, 0]"
debugFzDBA:debugJ9ims,458,1467508074849,"[""Main"", ""CPT"", 1, 55, 2, ""X"", ""target"", 1, 1, ""target"", 1, 250, true, 300, 0]"
debugFzDBA:debugJ9ims,459,1467508076099,"[""Main"", ""CPT"", 1, 56, 1, ""A"", ""nontarget"", 0, 2, ""nontarget"", 0, 250, true, 289, 0]"
debugFzDBA:debugJ9ims,460,1467508077350,"[""Main"", ""CPT"", 1, 56, 2, ""B"", ""target"", 2, 2, ""nontarget"", 0, 250, false, 471, 0]"
debugFzDBA:debugJ9ims,461,1467508078600,"[""Main"", ""CPT"", 1, 57, 1, ""M"", ""nontarget"", 12, 3, ""nontarget"", 0, 250, true, 324, 0]"
debugFzDBA:debugJ9ims,462,1467508079850,"[""Main"", ""CPT"", 1, 57, 2, ""X"", ""target"", 1, 3, ""nontarget"", 0, 250, false, 347, 0]"
debugFzDBA:debugJ9ims,463,1467508081101,"[""Main"", ""CPT"", 1, 58, 1, ""A"", ""nontarget"", 0, 2, ""nontarget"", 0, 250, true, 240, 0]"
debugFzDBA:debugJ9ims,464,1467508082351,"[""Main"", ""CPT"", 1, 58, 2, ""N"", ""target"", 13, 2, ""nontarget"", 0, 250, false, 469, 0]"
debugFzDBA:debugJ9ims,465,1467508083602,"[""Main"", ""CPT"", 1, 59, 1, ""A"", ""nontarget"", 0, 1, ""nontarget"", 0, 251, true, 259, 0]"
debugFzDBA:debugJ9ims,466,1467508084852,"[""Main"", ""CPT"", 1, 59, 2, ""X"", ""target"", 1, 1, ""nontarget"", 0, 250, false, 297, 0]"
debugFzDBA:debugJ9ims,467,1467508086102,"[""Main"", ""CPT"", 1, 60, 1, ""B"", ""nontarget"", 2, 3, ""nontarget"", 0, 251, true, 262, 0]"
debugFzDBA:debugJ9ims,468,1467508087353,"[""Main"", ""CPT"", 1, 60, 2, ""X"", ""target"", 1, 3, ""nontarget"", 0, 250, false, 316, 0]"
debugFzDBA:debugJ9ims,469,1467508087353,"{""phase"": ""INSTRUCTIONS"", ""templates"": [""instructions/nbr-inst-2j.html"", ""instructions/inst-prac.html""], ""action"": ""Begin""}"
debugFzDBA:debugJ9ims,470,1467508112855,"{""phase"": ""INSTRUCTIONS"", ""indexOf"": 0, ""viewTime"": 25502, ""action"": ""NextPage"", ""template"": ""instructions/nbr-inst-2j.html""}"
debugFzDBA:debugJ9ims,471,1467508114266,"{""phase"": ""INSTRUCTIONS"", ""indexOf"": 1, ""viewTime"": 1410, ""action"": ""FinishInstructions"", ""template"": ""instructions/inst-prac.html""}"
debugFzDBA:debugJ9ims,472,1467508118271,"{""phase"": ""blocksetup"", ""task"": ""NBR2"", ""stimID"": [2, 2, 2, 1, 2, 2, 1, 2], ""block"": 1, ""letterID"": [6, 1, 5, 1, 2, 5, 2, 3]}"
debugFzDBA:debugJ9ims,473,1467508121022,"[""Main"", ""NBR2"", 1, 1, ""V"", ""nontarget"", 6, 2, ""nontarget"", 0, 249, true, 562, 0, 1, 0, 1, 1]"
debugFzDBA:debugJ9ims,474,1467508123773,"[""Main"", ""NBR2"", 1, 2, ""D"", ""nontarget"", 1, 2, ""nontarget"", 0, 250, true, 428, 0, 2, 0, 2, 1]"
debugFzDBA:debugJ9ims,475,1467508126523,"[""Main"", ""NBR2"", 1, 3, ""T"", ""nontarget"", 5, 2, ""nontarget"", 0, 249, true, 621, 0, 3, 0, 3, 1]"
debugFzDBA:debugJ9ims,476,1467508129273,"[""Main"", ""NBR2"", 1, 4, ""D"", ""target"", 1, 1, ""nontarget"", 0, 250, false, 511, 0, 4, 1, 3, 1]"
debugFzDBA:debugJ9ims,477,1467508132024,"[""Main"", ""NBR2"", 1, 5, ""K"", ""nontarget"", 2, 2, ""reset"", -2, 251, -2, 361, 1, 0, 1, 3, 1]"
debugFzDBA:debugJ9ims,478,1467508132024,"{""task"": ""NBR2"", ""letterID"": [1, 1, 1, 0], ""nresets"": 1, ""stimID"": [2, 2, 1, 2], ""phase"": ""reset"", ""block"": 1}"
debugFzDBA:debugJ9ims,479,1467508134774,"[""Main"", ""NBR2"", 1, 6, ""D"", ""nontarget"", 1, 2, ""nontarget"", 0, 250, true, 434, 1, 1, 1, 4, 1]"
debugFzDBA:debugJ9ims,480,1467508137525,"[""Main"", ""NBR2"", 1, 7, ""D"", ""nontarget"", 1, 2, ""nontarget"", 0, 251, true, 581, 1, 2, 1, 5, 1]"
debugFzDBA:debugJ9ims,481,1467508140276,"[""Main"", ""NBR2"", 1, 8, ""D"", ""target"", 1, 1, ""nontarget"", 0, 250, false, 477, 1, 3, 2, 5, 1]"
debugFzDBA:debugJ9ims,482,1467508143026,"[""Main"", ""NBR2"", 1, 9, ""C"", ""nontarget"", 0, 2, ""nontarget"", 0, 250, true, 862, 1, 4, 2, 6, 1]"
debugFzDBA:debugJ9ims,483,1467508143026,"{""phase"": ""INSTRUCTIONS"", ""templates"": [""instructions/inst-interlude.html""], ""action"": ""Begin""}"
debugFzDBA:debugJ9ims,484,1467508176462,"{""phase"": ""INSTRUCTIONS"", ""indexOf"": 0, ""viewTime"": 33436, ""action"": ""FinishInstructions"", ""template"": ""instructions/inst-interlude.html""}"
debugjC19l:debugTKjhY,0,1467506279113,"{""phase"": ""INSTRUCTIONS"", ""templates"": [""instructions/base-inst-j.html""], ""action"": ""Begin""}"
debugjC19l:debugTKjhY,1,1467506280329,"{""phase"": ""INSTRUCTIONS"", ""indexOf"": 0, ""viewTime"": 1212, ""action"": ""FinishInstructions"", ""template"": ""instructions/base-inst-j.html""}"
debugjC19l:debugTKjhY,2,1467506280331,"{""phase"": ""INSTRUCTIONS"", ""templates"": [""instructions/cpt-inst-j.html"", ""instructions/inst-prac.html""], ""action"": ""Begin""}"
debugjC19l:debugTKjhY,3,1467506296520,"{""phase"": ""INSTRUCTIONS"", ""indexOf"": 0, ""viewTime"": 16187, ""action"": ""NextPage"", ""template"": ""instructions/cpt-inst-j.html""}"
debugjC19l:debugTKjhY,4,1467506298309,"{""phase"": ""INSTRUCTIONS"", ""indexOf"": 1, ""viewTime"": 1788, ""action"": ""FinishInstructions"", ""template"": ""instructions/inst-prac.html""}"
debugjC19l:debugTKjhY,5,1467506302318,"{""task"": ""CPT"", ""stimID"": [1, 1, 1, 3, 4, 2, 1], ""letterID1"": [0, 0, 0, 17, 14, 0, 0], ""letterID2"": [1, 1, 1, 1, 19, 22, 1], ""phase"": ""blocksetup"", ""block"": 1}"
debugjC19l:debugTKjhY,6,1467506303569,"[""Main"", ""CPT"", 1, 1, 1, ""A"", ""nontarget"", 0, 1, ""nontarget"", 0, 250, true, 492, 1]"
debugjC19l:debugTKjhY,7,1467506304819,"[""Main"", ""CPT"", 1, 1, 2, ""X"", ""target"", 1, 1, ""target"", 1, 250, true, 479, 1]"
debugjC19l:debugTKjhY,8,1467506306069,"[""Main"", ""CPT"", 1, 2, 1, ""A"", ""nontarget"", 0, 1, ""nontarget"", 0, 251, true, 598, 1]"
debugjC19l:debugTKjhY,9,1467506307320,"[""Main"", ""CPT"", 1, 2, 2, ""X"", ""target"", 1, 1, ""target"", 1, 250, true, 435, 1]"
debugjC19l:debugTKjhY,10,1467506308570,"[""Main"", ""CPT"", 1, 3, 1, ""A"", ""nontarget"", 0, 1, ""nontarget"", 0, 251, true, 496, 1]"
debugjC19l:debugTKjhY,11,1467506309821,"[""Main"", ""CPT"", 1, 3, 2, ""X"", ""target"", 1, 1, ""target"", 1, 251, true, 415, 1]"
debugjC19l:debugTKjhY,12,1467506311072,"[""Main"", ""CPT"", 1, 4, 1, ""R"", ""nontarget"", 17, 3, ""nontarget"", 0, 250, true, 491, 1]"
debugjC19l:debugTKjhY,13,1467506312321,"[""Main"", ""CPT"", 1, 4, 2, ""X"", ""target"", 1, 3, ""nontarget"", 0, 249, false, 642, 1]"
debugjC19l:debugTKjhY,14,1467506313573,"[""Main"", ""CPT"", 1, 5, 1, ""O"", ""nontarget"", 14, 4, ""nontarget"", 0, 251, true, 527, 1]"
debugjC19l:debugTKjhY,15,1467506314823,"[""Main"", ""CPT"", 1, 5, 2, ""T"", ""target"", 19, 4, ""nontarget"", 0, 250, false, 468, 1]"
debugjC19l:debugTKjhY,16,1467506316073,"[""Main"", ""CPT"", 1, 6, 1, ""A"", ""nontarget"", 0, 2, ""nontarget"", 0, 250, true, 449, 1]"
debugjC19l:debugTKjhY,17,1467506317324,"[""Main"", ""CPT"", 1, 6, 2, ""W"", ""target"", 22, 2, ""nontarget"", 0, 251, false, 496, 1]"
debugjC19l:debugTKjhY,18,1467506318575,"[""Main"", ""CPT"", 1, 7, 1, ""A"", ""nontarget"", 0, 1, ""nontarget"", 0, 250, true, 429, 1]"
debugjC19l:debugTKjhY,19,1467506319825,"[""Main"", ""CPT"", 1, 7, 2, ""X"", ""target"", 1, 1, ""target"", 1, 249, true, 257, 1]"
debugjC19l:debugTKjhY,20,1467506319825,"{""phase"": ""INSTRUCTIONS"", ""templates"": [""instructions/inst-interlude.html""], ""action"": ""Begin""}"
debugjC19l:debugTKjhY,21,1467506326180,"{""phase"": ""INSTRUCTIONS"", ""indexOf"": 0, ""viewTime"": 6355, ""action"": ""FinishInstructions"", ""template"": ""instructions/inst-interlude.html""}"
debuglWQLL:debugFu4kN,0,1467510746190,"{""phase"": ""INSTRUCTIONS"", ""templates"": [""instructions/base-inst-j.html""], ""action"": ""Begin""}"
debuglWQLL:debugFu4kN,1,1467510746808,"{""phase"": ""INSTRUCTIONS"", ""indexOf"": 0, ""viewTime"": 614, ""action"": ""FinishInstructions"", ""template"": ""instructions/base-inst-j.html""}"
debuglWQLL:debugFu4kN,2,1467510746811,"{""phase"": ""INSTRUCTIONS"", ""templates"": [""instructions/nbr-inst-2j.html"", ""instructions/inst-prac.html""], ""action"": ""Begin""}"
debuglWQLL:debugFu4kN,3,1467510747654,"{""phase"": ""INSTRUCTIONS"", ""indexOf"": 0, ""viewTime"": 841, ""action"": ""NextPage"", ""template"": ""instructions/nbr-inst-2j.html""}"
debuglWQLL:debugFu4kN,4,1467510748455,"{""phase"": ""INSTRUCTIONS"", ""indexOf"": 1, ""viewTime"": 799, ""action"": ""FinishInstructions"", ""template"": ""instructions/inst-prac.html""}"
debuglWQLL:debugFu4kN,5,1467510752463,"{""phase"": ""blocksetup"", ""task"": ""NBR2"", ""stimID"": [2, 2, 2, 2, 2, 1, 1, 2], ""block"": 1, ""letterID"": [1, 1, 2, 4, 4, 4, 4, 2]}"
debuglWQLL:debugFu4kN,6,1467510752714,"[""Main"", ""NBR2"", 1, 1, ""D"", ""nontarget"", 1, 2, ""noresp"", -1, 251, -1, -1, 0, 0, 0, 0, 1]"
debuglWQLL:debugFu4kN,7,1467510755464,"[""Main"", ""NBR2"", 1, 2, ""D"", ""nontarget"", 1, 2, ""noresp"", -1, 250, -1, -1, 0, 1, 0, 1, 1]"
debuglWQLL:debugFu4kN,8,1467510758214,"[""Main"", ""NBR2"", 1, 3, ""K"", ""nontarget"", 2, 2, ""noresp"", -1, 250, -1, -1, 0, 2, 0, 2, 1]"
debuglWQLL:debugFu4kN,9,1467510760966,"[""Main"", ""NBR2"", 1, 4, ""Q"", ""nontarget"", 4, 2, ""noresp"", -1, 251, -1, -1, 1, 0, 0, 2, 1]"
debuglWQLL:debugFu4kN,10,1467510763716,"[""Main"", ""NBR2"", 1, 5, ""Q"", ""nontarget"", 4, 2, ""noresp"", -1, 250, -1, -1, 2, 0, 0, 2, 1]"
debuglWQLL:debugFu4kN,11,1467510766468,"[""Main"", ""NBR2"", 1, 6, ""Q"", ""target"", 4, 1, ""noresp"", -1, 250, -1, -1, 2, 1, 0, 3, 1]"
debuglWQLL:debugFu4kN,12,1467510769218,"[""Main"", ""NBR2"", 1, 7, ""Q"", ""target"", 4, 1, ""noresp"", -1, 250, -1, -1, 2, 2, 1, 3, 1]"
debuglWQLL:debugFu4kN,13,1467510771969,"[""Main"", ""NBR2"", 1, 8, ""K"", ""nontarget"", 2, 2, ""noresp"", -1, 250, -1, -1, 2, 3, 2, 3, 1]"
debuglWQLL:debugFu4kN,14,1467510774470,"{""phase"": ""INSTRUCTIONS"", ""templates"": [""instructions/inst-interlude.html""], ""action"": ""Begin""}"
debuglWQLL:debugFu4kN,15,1467510776728,"{""phase"": ""INSTRUCTIONS"", ""indexOf"": 0, ""viewTime"": 2257, ""action"": ""FinishInstructions"", ""template"": ""instructions/inst-interlude.html""}"
debugp7PN2:debugH6ht5,0,1467506190650,"{""phase"": ""INSTRUCTIONS"", ""templates"": [""instructions/base-inst-f.html""], ""action"": ""Begin""}"
debugp7PN2:debugH6ht5,1,1467506201112,"{""phase"": ""INSTRUCTIONS"", ""indexOf"": 0, ""viewTime"": 10457, ""action"": ""FinishInstructions"", ""template"": ""instructions/base-inst-f.html""}"
debugSxr77:debuggp9LD,0,1467509076911,"{""phase"": ""INSTRUCTIONS"", ""templates"": [""instructions/base-inst-f.html""], ""action"": ""Begin""}"
debugSxr77:debuggp9LD,1,1467509079887,"{""phase"": ""INSTRUCTIONS"", ""indexOf"": 0, ""viewTime"": 2972, ""action"": ""FinishInstructions"", ""template"": ""instructions/base-inst-f.html""}"
debugSxr77:debuggp9LD,2,1467509079890,"{""phase"": ""INSTRUCTIONS"", ""templates"": [""instructions/nbr-inst-2f.html"", ""instructions/inst-prac.html""], ""action"": ""Begin""}"
debugSxr77:debuggp9LD,3,1467509085644,"{""phase"": ""INSTRUCTIONS"", ""indexOf"": 0, ""viewTime"": 5752, ""action"": ""NextPage"", ""template"": ""instructions/nbr-inst-2f.html""}"
debugSxr77:debuggp9LD,4,1467509086802,"{""phase"": ""INSTRUCTIONS"", ""indexOf"": 1, ""viewTime"": 1158, ""action"": ""FinishInstructions"", ""template"": ""instructions/inst-prac.html""}"
debugXwhKv:debugBFYFY,0,1467509180216,"{""phase"": ""INSTRUCTIONS"", ""templates"": [""instructions/base-inst-f.html""], ""action"": ""Begin""}"
debugXwhKv:debugBFYFY,1,1467509181199,"{""phase"": ""INSTRUCTIONS"", ""indexOf"": 0, ""viewTime"": 980, ""action"": ""FinishInstructions"", ""template"": ""instructions/base-inst-f.html""}"
debugXwhKv:debugBFYFY,2,1467509181202,"{""phase"": ""INSTRUCTIONS"", ""templates"": [""instructions/nbr-inst-2f.html"", ""instructions/inst-prac.html""], ""action"": ""Begin""}"
debugXwhKv:debugBFYFY,3,1467509182296,"{""phase"": ""INSTRUCTIONS"", ""indexOf"": 0, ""viewTime"": 1092, ""action"": ""NextPage"", ""template"": ""instructions/nbr-inst-2f.html""}"
debugXwhKv:debugBFYFY,4,1467509183799,"{""phase"": ""INSTRUCTIONS"", ""indexOf"": 1, ""viewTime"": 1502, ""action"": ""FinishInstructions"", ""template"": ""instructions/inst-prac.html""}"
